id_pedido,id_cliente,data_pedido,status_pedido
1,140,2024-07-17,Cancelado
2,119,2024-12-26,Entregue
3,178,2023-09-05,Entregue
4,184,2023-03-17,Enviado
5,123,2024-08-19,Entregue
6,178,2023-03-29,Entregue
7,169,2024-11-11,Em processamento
8,157,2024-03-16,Entregue
9,67,2024-12-05,Entregue
10,96,2024-11-26,Entregue
11,39,2024-05-09,Entregue
12,22,2023-05-26,Entregue
13,117,2023-12-23,Entregue
14,185,2024-12-14,Entregue
15,77,2023-04-28,Entregue
16,166,2024-07-19,Enviado
17,110,2024-04-18,Entregue
18,162,2023-07-08,Em processamento
19,111,2024-02-10,Enviado
20,51,2024-02-03,Entregue
21,53,2024-07-03,Entregue
22,51,2024-04-13,Em processamento
23,126,2023-11-17,Enviado
24,101,2024-08-24,Entregue
25,118,2024-09-24,Em processamento
26,181,2023-11-01,Enviado
27,22,2024-11-19,Entregue
28,62,2023-11-09,Entregue
29,178,2023-05-25,Entregue
30,153,2023-05-22,Entregue
31,48,2024-05-16,Entregue
32,81,2024-05-11,Entregue
33,144,2023-08-14,Entregue
34,9,2023-10-09,Entregue
35,44,2024-05-22,Entregue
36,147,2023-04-27,Entregue
37,94,2024-03-11,Em processamento
38,64,2023-11-01,Entregue
39,116,2023-09-27,Entregue
40,113,2023-08-31,Cancelado
41,151,2024-12-06,Em processamento
42,157,2024-10-09,Enviado
43,36,2024-06-29,Entregue
44,44,2023-11-28,Entregue
45,75,2024-08-09,Entregue
46,174,2023-04-08,Cancelado
47,106,2024-11-02,Entregue
48,64,2024-11-23,Entregue
49,148,2024-10-09,Entregue
50,97,2024-04-07,Cancelado
51,24,2024-05-14,Entregue
52,24,2024-12-15,Entregue
53,137,2024-02-12,Entregue
54,55,2024-05-21,Entregue
55,87,2023-02-19,Enviado
56,118,2023-01-17,Entregue
57,113,2024-04-12,Entregue
58,52,2024-10-27,Entregue
59,24,2024-11-01,Entregue
60,96,2024-11-11,Entregue
61,14,2024-12-21,Entregue
62,123,2023-03-21,Entregue
63,133,2024-11-27,Entregue
64,179,2024-05-04,Entregue
65,23,2023-04-15,Entregue
66,77,2023-05-21,Cancelado
67,35,2023-05-27,Enviado
68,3,2024-03-26,Entregue
69,161,2023-08-11,Entregue
70,36,2023-05-07,Entregue
71,90,2024-03-15,Entregue
72,64,2024-12-08,Em processamento
73,78,2024-06-05,Entregue
74,76,2024-10-23,Entregue
75,127,2024-01-31,Entregue
76,164,2024-08-31,Entregue
77,93,2023-11-21,Enviado
78,108,2023-03-16,Entregue
79,4,2023-09-26,Entregue
80,102,2024-06-02,Em processamento
81,129,2024-03-01,Entregue
82,22,2024-09-22,Entregue
83,80,2023-03-09,Entregue
84,179,2023-09-02,Entregue
85,112,2023-04-29,Enviado
86,15,2023-11-13,Em processamento
87,45,2023-05-03,Entregue
88,180,2023-01-12,Entregue
89,134,2023-09-23,Entregue
90,69,2023-01-31,Entregue
91,70,2024-06-20,Em processamento
92,148,2024-10-04,Entregue
93,131,2024-01-04,Enviado
94,43,2024-01-12,Cancelado
95,27,2023-04-29,Entregue
96,1,2023-01-13,Entregue
97,94,2024-11-02,Entregue
98,64,2023-11-24,Entregue
99,147,2024-01-17,Em processamento
100,14,2023-07-03,Entregue
101,12,2024-02-15,Entregue
102,73,2023-11-15,Enviado
103,117,2023-01-09,Entregue
104,145,2023-11-08,Entregue
105,119,2023-09-09,Entregue
106,7,2023-11-11,Entregue
107,53,2023-04-06,Entregue
108,134,2024-06-01,Entregue
109,20,2023-05-14,Entregue
110,81,2023-12-01,Entregue
111,60,2024-08-21,Entregue
112,43,2024-02-21,Entregue
113,54,2024-04-07,Entregue
114,31,2023-04-03,Em processamento
115,78,2024-12-22,Entregue
116,56,2023-12-02,Em processamento
117,64,2023-12-31,Entregue
118,174,2023-11-03,Entregue
119,8,2023-09-13,Entregue
120,36,2023-05-05,Cancelado
121,57,2023-05-14,Entregue
122,96,2024-12-03,Em processamento
123,22,2023-03-18,Entregue
124,51,2024-10-23,Entregue
125,24,2023-12-06,Entregue
126,13,2023-06-26,Entregue
127,71,2023-10-14,Entregue
128,9,2024-05-25,Enviado
129,123,2023-03-04,Entregue
130,36,2024-03-05,Entregue
131,64,2024-05-11,Enviado
132,129,2023-11-26,Entregue
133,7,2023-11-23,Entregue
134,72,2023-06-13,Em processamento
135,62,2024-02-02,Entregue
136,46,2024-12-15,Enviado
137,8,2024-12-21,Enviado
138,145,2023-05-26,Entregue
139,127,2024-07-09,Entregue
140,10,2023-04-03,Enviado
141,57,2023-01-01,Enviado
142,52,2023-05-14,Entregue
143,83,2023-03-02,Enviado
144,181,2023-03-16,Em processamento
145,102,2024-08-23,Entregue
146,83,2024-09-20,Entregue
147,58,2024-11-12,Entregue
148,97,2023-11-11,Entregue
149,33,2024-08-04,Enviado
150,82,2024-09-18,Enviado
151,27,2024-05-23,Cancelado
152,20,2023-09-01,Entregue
153,43,2024-11-17,Entregue
154,115,2023-01-12,Entregue
155,178,2023-03-11,Entregue
156,185,2023-01-02,Entregue
157,108,2023-12-26,Entregue
158,123,2024-12-04,Entregue
159,19,2023-02-04,Entregue
160,67,2023-04-18,Entregue
161,97,2023-04-06,Enviado
162,124,2024-12-22,Em processamento
163,43,2023-06-10,Entregue
164,53,2023-07-14,Enviado
165,185,2024-07-07,Entregue
166,77,2023-09-01,Entregue
167,147,2023-06-07,Entregue
168,110,2023-03-31,Em processamento
169,161,2023-04-10,Entregue
170,164,2023-11-12,Entregue
171,126,2024-11-07,Em processamento
172,140,2024-02-01,Entregue
173,95,2023-07-11,Entregue
174,113,2024-04-21,Entregue
175,145,2023-03-05,Em processamento
176,171,2023-04-10,Entregue
177,139,2024-08-26,Entregue
178,100,2024-06-19,Entregue
179,176,2024-05-01,Entregue
180,122,2023-11-03,Em processamento
181,9,2024-05-29,Entregue
182,147,2024-11-24,Entregue
183,31,2024-04-04,Entregue
184,55,2023-07-17,Entregue
185,21,2024-11-30,Enviado
186,38,2024-09-01,Cancelado
187,18,2023-03-31,Entregue
188,142,2023-11-30,Entregue
189,118,2024-03-05,Entregue
190,38,2023-09-28,Entregue
191,168,2024-05-12,Entregue
192,10,2023-06-26,Entregue
193,159,2024-02-16,Entregue
194,177,2023-09-01,Entregue
195,69,2024-01-17,Entregue
196,80,2024-12-13,Entregue
197,35,2023-11-04,Entregue
198,83,2023-07-12,Entregue
199,125,2023-06-12,Em processamento
200,130,2024-02-18,Entregue
201,146,2023-01-30,Entregue
202,15,2023-09-13,Entregue
203,93,2024-12-22,Entregue
204,119,2024-06-01,Entregue
205,175,2023-02-01,Entregue
206,153,2024-04-01,Entregue
207,151,2024-07-18,Entregue
208,67,2024-12-06,Entregue
209,99,2023-02-20,Enviado
210,55,2024-11-24,Em processamento
211,105,2024-06-09,Cancelado
212,175,2023-08-18,Entregue
213,183,2024-12-27,Entregue
214,97,2023-12-24,Entregue
215,120,2023-11-06,Enviado
216,102,2024-08-21,Entregue
217,170,2023-11-02,Entregue
218,17,2024-10-17,Entregue
219,67,2024-11-02,Em processamento
220,77,2023-07-12,Cancelado
221,62,2024-09-06,Entregue
222,175,2024-11-02,Entregue
223,67,2024-03-04,Cancelado
224,10,2023-12-18,Entregue
225,176,2024-11-18,Entregue
226,44,2024-11-04,Entregue
227,76,2023-12-10,Entregue
228,91,2023-11-11,Entregue
229,96,2024-04-26,Enviado
230,150,2024-11-28,Entregue
231,106,2023-06-04,Entregue
232,88,2024-04-13,Em processamento
233,47,2023-11-17,Entregue
234,116,2023-10-08,Cancelado
235,44,2023-04-01,Entregue
236,163,2024-03-15,Entregue
237,99,2023-01-05,Entregue
238,96,2024-06-27,Em processamento
239,2,2023-12-19,Entregue
240,99,2024-05-30,Entregue
241,17,2023-02-16,Entregue
242,117,2023-12-12,Em processamento
243,35,2024-05-16,Entregue
244,43,2024-02-18,Entregue
245,34,2023-05-07,Em processamento
246,10,2024-09-30,Entregue
247,170,2023-01-21,Entregue
248,107,2024-03-30,Enviado
249,65,2024-10-07,Entregue
250,170,2024-12-18,Entregue
251,131,2024-09-24,Entregue
252,28,2024-05-24,Entregue
253,68,2023-10-30,Enviado
254,128,2024-05-07,Entregue
255,4,2024-11-18,Entregue
256,147,2024-11-16,Entregue
257,131,2024-10-21,Entregue
258,68,2024-04-20,Entregue
259,11,2023-10-25,Em processamento
260,81,2023-02-16,Entregue
261,170,2024-10-24,Entregue
262,113,2024-09-28,Cancelado
263,24,2023-07-07,Entregue
264,117,2023-06-20,Em processamento
265,186,2023-06-13,Enviado
266,124,2023-05-14,Entregue
267,29,2024-02-26,Entregue
268,67,2024-11-01,Em processamento
269,174,2024-11-16,Entregue
270,134,2024-12-05,Entregue
271,111,2024-11-08,Entregue
272,89,2024-11-10,Entregue
273,39,2024-09-19,Em processamento
274,41,2023-11-25,Entregue
275,13,2024-06-03,Em processamento
276,97,2024-08-09,Entregue
277,115,2023-11-20,Entregue
278,168,2023-01-19,Entregue
279,10,2024-11-01,Entregue
280,94,2024-04-10,Cancelado
281,159,2024-11-03,Entregue
282,30,2023-08-16,Entregue
283,163,2024-05-19,Em processamento
284,185,2024-02-24,Enviado
285,51,2023-07-12,Entregue
286,56,2024-11-19,Cancelado
287,116,2024-05-31,Entregue
288,2,2023-06-27,Cancelado
289,33,2023-04-17,Enviado
290,156,2023-11-26,Entregue
291,108,2023-09-12,Entregue
292,76,2023-05-22,Em processamento
293,132,2023-11-03,Enviado
294,81,2023-07-25,Em processamento
295,75,2024-12-04,Em processamento
296,34,2024-12-28,Entregue
297,129,2023-11-27,Cancelado
298,91,2024-12-28,Cancelado
299,137,2024-06-19,Entregue
300,38,2023-07-24,Entregue
301,74,2024-11-30,Entregue
302,177,2023-10-30,Entregue
303,9,2024-11-22,Entregue
304,166,2024-07-28,Entregue
305,179,2024-02-01,Em processamento
306,81,2024-07-19,Cancelado
307,65,2024-10-25,Enviado
308,140,2024-09-09,Cancelado
309,50,2023-10-29,Em processamento
310,20,2024-06-10,Entregue
311,110,2023-05-14,Entregue
312,2,2023-12-05,Entregue
313,11,2024-09-03,Enviado
314,158,2024-11-08,Enviado
315,141,2024-01-02,Em processamento
316,82,2024-06-22,Entregue
317,134,2023-06-13,Entregue
318,104,2023-04-05,Entregue
319,170,2023-12-06,Entregue
320,56,2024-10-26,Em processamento
321,89,2024-04-01,Em processamento
322,158,2024-09-28,Entregue
323,175,2023-11-25,Entregue
324,99,2023-10-17,Entregue
325,96,2023-07-17,Entregue
326,25,2024-10-03,Em processamento
327,162,2023-03-15,Cancelado
328,176,2023-06-07,Em processamento
329,85,2023-02-08,Entregue
330,46,2023-09-22,Entregue
331,162,2024-02-19,Entregue
332,100,2024-11-20,Entregue
333,165,2024-09-25,Cancelado
334,150,2023-03-16,Entregue
335,28,2023-11-05,Entregue
336,113,2024-01-26,Em processamento
337,8,2024-04-30,Entregue
338,35,2024-07-12,Enviado
339,37,2023-11-02,Cancelado
340,166,2024-07-22,Entregue
341,2,2023-03-29,Cancelado
342,186,2023-12-19,Em processamento
343,132,2023-05-26,Entregue
344,158,2023-09-16,Entregue
345,172,2024-07-16,Em processamento
346,18,2023-09-14,Cancelado
347,149,2024-01-01,Em processamento
348,61,2023-04-13,Entregue
349,50,2023-11-22,Entregue
350,158,2024-11-06,Enviado
351,40,2023-11-20,Entregue
352,2,2023-11-17,Entregue
353,183,2024-10-18,Entregue
354,35,2024-11-26,Entregue
355,119,2024-04-01,Entregue
356,125,2024-07-18,Em processamento
357,156,2023-07-21,Enviado
358,20,2024-08-27,Entregue
359,142,2023-06-02,Entregue
360,151,2023-10-25,Entregue
361,131,2023-04-03,Entregue
362,3,2024-11-09,Enviado
363,176,2023-05-24,Entregue
364,145,2023-02-11,Entregue
365,60,2023-03-06,Entregue
366,11,2024-11-15,Entregue
367,100,2023-02-17,Em processamento
368,83,2024-08-06,Em processamento
369,97,2023-12-20,Entregue
370,124,2024-09-10,Entregue
371,113,2023-06-19,Entregue
372,165,2023-10-15,Entregue
373,41,2024-05-05,Enviado
374,42,2023-01-23,Entregue
375,147,2024-08-29,Enviado
376,132,2023-05-31,Entregue
377,47,2024-10-14,Cancelado
378,170,2023-08-10,Entregue
379,124,2023-06-24,Entregue
380,154,2024-06-07,Cancelado
381,176,2023-08-24,Entregue
382,28,2023-01-17,Entregue
383,176,2024-09-12,Entregue
384,158,2024-09-06,Entregue
385,129,2023-05-01,Em processamento
386,34,2024-11-25,Entregue
387,108,2024-12-15,Entregue
388,124,2024-01-26,Cancelado
389,179,2024-08-12,Entregue
390,66,2023-03-27,Entregue
391,105,2023-09-21,Em processamento
392,2,2024-06-16,Em processamento
393,53,2024-02-23,Entregue
394,110,2024-09-18,Em processamento
395,102,2023-07-28,Enviado
396,124,2023-07-03,Enviado
397,124,2024-08-14,Em processamento
398,102,2024-11-06,Entregue
399,115,2023-04-13,Entregue
400,87,2024-12-01,Entregue
401,100,2024-10-13,Entregue
402,38,2024-03-21,Entregue
403,57,2024-01-15,Entregue
404,186,2024-06-17,Enviado
405,15,2024-03-25,Em processamento
406,133,2023-10-20,Enviado
407,131,2024-09-21,Entregue
408,93,2023-06-11,Entregue
409,103,2023-12-28,Entregue
410,151,2024-12-21,Entregue
411,141,2023-12-23,Entregue
412,58,2024-08-11,Entregue
413,105,2024-06-02,Entregue
414,129,2023-10-29,Entregue
415,132,2024-08-11,Entregue
416,97,2024-05-08,Entregue
417,98,2024-12-18,Entregue
418,64,2023-10-22,Em processamento
419,88,2023-12-29,Enviado
420,69,2024-11-30,Entregue
421,128,2023-07-24,Entregue
422,68,2023-07-31,Entregue
423,159,2023-12-31,Entregue
424,31,2024-11-10,Entregue
425,139,2024-05-17,Cancelado
426,131,2023-10-14,Cancelado
427,148,2023-05-12,Entregue
428,123,2024-07-07,Entregue
429,101,2024-12-16,Entregue
430,177,2023-01-09,Entregue
431,98,2024-08-17,Entregue
432,157,2023-09-23,Entregue
433,61,2024-09-19,Entregue
434,128,2024-03-10,Em processamento
435,96,2023-10-14,Enviado
436,34,2024-01-26,Cancelado
437,39,2023-06-30,Entregue
438,162,2023-11-20,Entregue
439,65,2023-02-18,Em processamento
440,42,2023-03-03,Entregue
441,122,2024-10-06,Cancelado
442,86,2023-09-24,Enviado
443,143,2023-09-21,Entregue
444,32,2024-09-12,Enviado
445,167,2023-10-19,Em processamento
446,131,2024-10-17,Entregue
447,108,2023-03-15,Entregue
448,59,2023-11-18,Entregue
449,182,2024-02-09,Entregue
450,93,2024-04-06,Entregue
451,6,2024-11-08,Cancelado
452,180,2023-03-23,Entregue
453,27,2023-04-08,Entregue
454,141,2023-02-25,Entregue
455,135,2023-03-27,Enviado
456,40,2024-02-04,Entregue
457,73,2023-05-15,Entregue
458,8,2023-11-30,Entregue
459,139,2024-12-15,Enviado
460,153,2023-12-22,Entregue
461,23,2024-03-28,Entregue
462,67,2023-06-09,Entregue
463,134,2023-05-20,Entregue
464,137,2024-05-03,Cancelado
465,111,2023-07-13,Enviado
466,112,2024-02-09,Em processamento
467,166,2023-08-14,Entregue
468,161,2024-12-02,Em processamento
469,137,2023-10-03,Entregue
470,47,2023-05-20,Enviado
471,117,2024-09-24,Em processamento
472,160,2024-05-18,Entregue
473,39,2023-01-23,Entregue
474,73,2023-10-03,Entregue
475,3,2023-08-27,Entregue
476,127,2023-08-11,Entregue
477,128,2023-02-02,Cancelado
478,38,2023-02-27,Entregue
479,19,2023-01-13,Cancelado
480,183,2023-09-12,Entregue
481,64,2023-02-04,Cancelado
482,25,2024-11-28,Entregue
483,41,2023-11-02,Entregue
484,171,2023-11-29,Entregue
485,150,2023-05-03,Entregue
486,3,2024-12-08,Enviado
487,40,2023-09-12,Entregue
488,176,2024-09-25,Cancelado
489,161,2023-03-03,Em processamento
490,40,2024-12-19,Entregue
491,33,2024-05-14,Enviado
492,166,2024-05-11,Em processamento
493,113,2024-07-26,Em processamento
494,126,2024-07-10,Cancelado
495,120,2024-07-21,Entregue
496,40,2024-04-05,Entregue
497,139,2024-01-11,Cancelado
498,164,2024-06-02,Entregue
499,5,2024-09-27,Cancelado
500,17,2024-11-05,Entregue
501,49,2024-07-18,Entregue
502,83,2023-04-24,Em processamento
503,18,2023-05-13,Entregue
504,52,2023-04-12,Em processamento
505,100,2024-11-04,Enviado
506,180,2024-08-27,Entregue
507,57,2024-10-16,Enviado
508,107,2024-06-15,Entregue
509,26,2023-07-14,Em processamento
510,64,2024-07-25,Entregue
511,164,2024-08-13,Entregue
512,180,2024-11-12,Entregue
513,43,2024-05-31,Entregue
514,137,2024-09-06,Entregue
515,81,2023-11-29,Entregue
516,163,2023-11-28,Enviado
517,140,2023-08-08,Enviado
518,66,2024-06-14,Entregue
519,2,2023-11-04,Entregue
520,81,2023-06-08,Entregue
521,92,2023-06-09,Entregue
522,150,2023-09-13,Entregue
523,24,2024-08-07,Entregue
524,20,2023-11-29,Entregue
525,125,2024-12-07,Entregue
526,153,2024-10-19,Cancelado
527,148,2024-01-26,Entregue
528,86,2024-03-20,Entregue
529,59,2024-10-09,Entregue
530,135,2023-02-12,Enviado
531,39,2023-12-01,Entregue
532,40,2023-04-03,Entregue
533,101,2023-06-01,Entregue
534,122,2024-07-15,Entregue
535,103,2024-05-28,Em processamento
536,34,2023-05-19,Entregue
537,125,2024-06-20,Entregue
538,69,2024-03-16,Enviado
539,23,2024-03-09,Entregue
540,83,2023-12-19,Entregue
541,79,2024-03-27,Entregue
542,52,2024-12-02,Cancelado
543,22,2023-10-22,Em processamento
544,29,2023-11-09,Entregue
545,85,2023-08-05,Entregue
546,67,2024-11-15,Enviado
547,170,2024-06-23,Entregue
548,16,2023-10-18,Em processamento
549,159,2023-10-05,Em processamento
550,3,2023-03-10,Entregue
551,170,2024-11-06,Entregue
552,5,2024-10-26,Entregue
553,131,2024-12-27,Entregue
554,125,2023-07-10,Entregue
555,144,2024-12-30,Entregue
556,136,2023-11-09,Entregue
557,41,2023-01-19,Entregue
558,91,2024-10-02,Entregue
559,71,2023-10-14,Entregue
560,101,2024-11-03,Cancelado
561,98,2024-12-03,Entregue
562,147,2023-06-06,Entregue
563,155,2023-12-04,Entregue
564,53,2024-10-30,Entregue
565,176,2023-11-13,Entregue
566,35,2023-11-22,Entregue
567,185,2023-05-02,Entregue
568,8,2023-11-23,Entregue
569,106,2023-11-07,Enviado
570,71,2023-04-20,Entregue
571,157,2024-09-23,Enviado
572,157,2024-01-03,Cancelado
573,123,2023-05-18,Enviado
574,121,2024-12-30,Entregue
575,100,2024-05-18,Entregue
576,50,2023-08-20,Cancelado
577,4,2023-03-09,Entregue
578,158,2024-03-13,Entregue
579,156,2024-06-17,Entregue
580,116,2024-06-12,Cancelado
581,162,2023-02-20,Entregue
582,102,2023-11-08,Entregue
583,119,2023-06-20,Enviado
584,14,2024-12-07,Entregue
585,119,2024-10-23,Cancelado
586,129,2023-04-26,Enviado
587,179,2024-07-13,Entregue
588,83,2024-04-06,Entregue
589,152,2024-04-10,Entregue
590,178,2023-05-07,Em processamento
591,116,2024-10-11,Entregue
592,182,2023-06-13,Entregue
593,12,2023-06-03,Entregue
594,46,2024-12-30,Entregue
595,80,2024-04-01,Entregue
596,31,2023-09-17,Entregue
597,128,2023-09-01,Em processamento
598,122,2024-04-09,Entregue
599,154,2024-09-06,Enviado
600,72,2023-08-01,Entregue
601,15,2024-10-30,Entregue
602,9,2024-11-14,Enviado
603,77,2023-02-20,Entregue
604,42,2024-11-19,Em processamento
605,178,2024-12-17,Enviado
606,46,2023-11-27,Entregue
607,18,2023-03-08,Entregue
608,32,2023-12-04,Entregue
609,54,2024-12-13,Entregue
610,28,2024-12-06,Em processamento
611,74,2023-11-21,Enviado
612,160,2024-05-24,Entregue
613,157,2023-07-18,Entregue
614,120,2024-02-29,Entregue
615,90,2023-08-06,Entregue
616,177,2023-10-16,Entregue
617,79,2023-11-04,Entregue
618,2,2023-12-16,Enviado
619,158,2023-07-18,Entregue
620,173,2024-05-08,Entregue
621,138,2023-12-10,Entregue
622,15,2024-06-17,Cancelado
623,174,2023-11-20,Entregue
624,54,2023-12-29,Entregue
625,72,2023-02-01,Entregue
626,161,2023-11-12,Entregue
627,182,2023-02-02,Entregue
628,128,2023-09-01,Entregue
629,56,2024-06-21,Entregue
630,96,2023-04-05,Entregue
631,124,2024-05-27,Entregue
632,124,2024-06-20,Entregue
633,37,2023-05-16,Entregue
634,118,2024-06-18,Entregue
635,12,2023-03-31,Entregue
636,27,2023-11-16,Cancelado
637,80,2023-11-25,Entregue
638,71,2024-06-29,Entregue
639,172,2023-05-01,Entregue
640,71,2023-04-28,Enviado
641,144,2024-06-10,Entregue
642,90,2024-07-16,Entregue
643,181,2023-06-25,Enviado
644,87,2024-07-07,Entregue
645,8,2023-02-21,Entregue
646,23,2024-03-12,Em processamento
647,153,2024-12-07,Enviado
648,92,2023-11-16,Entregue
649,183,2024-11-17,Entregue
650,120,2024-08-04,Em processamento
651,120,2024-12-01,Cancelado
652,120,2024-04-26,Entregue
653,37,2024-09-23,Entregue
654,101,2024-11-12,Entregue
655,117,2024-05-14,Entregue
656,29,2023-12-26,Entregue
657,73,2023-12-23,Entregue
658,131,2023-04-16,Em processamento
659,28,2023-11-30,Entregue
660,78,2024-08-27,Enviado
661,63,2024-07-15,Entregue
662,99,2023-03-09,Em processamento
663,152,2023-12-17,Entregue
664,45,2024-11-09,Cancelado
665,183,2024-04-19,Entregue
666,114,2023-06-30,Entregue
667,18,2024-09-04,Enviado
668,98,2023-12-02,Em processamento
669,16,2023-04-03,Entregue
670,149,2024-04-02,Em processamento
671,82,2023-11-03,Em processamento
672,78,2024-08-19,Entregue
673,104,2023-03-05,Enviado
674,14,2024-01-03,Entregue
675,8,2023-08-29,Enviado
676,101,2024-10-02,Entregue
677,104,2024-01-26,Entregue
678,170,2023-06-07,Em processamento
679,33,2023-05-18,Em processamento
680,5,2023-05-20,Em processamento
681,107,2024-12-13,Entregue
682,160,2023-07-04,Entregue
683,142,2024-04-05,Entregue
684,48,2023-10-03,Entregue
685,148,2024-01-11,Entregue
686,146,2024-12-08,Cancelado
687,135,2024-09-16,Entregue
688,162,2024-11-10,Entregue
689,176,2024-08-16,Entregue
690,88,2024-04-25,Entregue
691,147,2023-12-06,Entregue
692,75,2023-06-21,Enviado
693,78,2024-07-31,Enviado
694,122,2024-08-15,Entregue
695,169,2024-10-01,Entregue
696,22,2023-05-10,Entregue
697,65,2024-09-10,Enviado
698,39,2024-11-05,Entregue
699,67,2024-12-18,Entregue
700,136,2023-02-03,Entregue
701,38,2024-10-14,Enviado
702,89,2023-04-29,Entregue
703,103,2024-05-02,Cancelado
704,137,2023-08-28,Em processamento
705,100,2024-04-30,Entregue
706,112,2023-01-13,Entregue
707,98,2024-11-25,Entregue
708,175,2023-02-12,Entregue
709,164,2023-12-10,Entregue
710,66,2024-11-01,Entregue
711,173,2024-06-16,Em processamento
712,47,2023-11-17,Em processamento
713,3,2023-03-11,Entregue
714,135,2023-12-26,Entregue
715,65,2023-07-17,Enviado
716,24,2024-11-03,Entregue
717,154,2024-10-15,Entregue
718,23,2024-09-11,Em processamento
719,166,2024-12-13,Entregue
720,120,2024-11-07,Enviado
721,117,2023-11-28,Cancelado
722,19,2024-01-27,Entregue
723,67,2023-09-29,Entregue
724,126,2023-04-22,Cancelado
725,111,2023-09-23,Entregue
726,19,2024-04-01,Entregue
727,39,2023-09-30,Entregue
728,101,2024-08-11,Em processamento
729,126,2024-05-04,Cancelado
730,18,2024-07-07,Entregue
731,177,2024-05-08,Entregue
732,92,2023-12-08,Entregue
733,15,2024-10-24,Entregue
734,88,2023-11-03,Entregue
735,162,2024-12-06,Entregue
736,162,2023-05-24,Entregue
737,185,2024-08-30,Entregue
738,17,2024-05-26,Entregue
739,5,2023-02-07,Entregue
740,185,2023-02-13,Entregue
741,168,2024-11-14,Em processamento
742,138,2024-09-25,Entregue
743,63,2024-12-19,Entregue
744,45,2024-10-09,Entregue
745,25,2024-08-28,Entregue
746,30,2024-09-22,Entregue
747,110,2024-11-25,Entregue
748,176,2023-11-26,Entregue
749,12,2024-08-30,Entregue
750,31,2023-10-08,Entregue
751,44,2024-12-14,Entregue
752,113,2023-02-11,Enviado
753,157,2023-03-24,Entregue
754,23,2024-12-24,Entregue
755,107,2023-07-31,Entregue
756,134,2024-04-06,Entregue
757,157,2024-12-09,Entregue
758,184,2023-11-05,Entregue
759,143,2023-08-30,Entregue
760,25,2024-09-25,Cancelado
761,139,2024-06-03,Cancelado
762,161,2024-11-06,Entregue
763,50,2023-02-14,Entregue
764,73,2023-08-03,Entregue
765,158,2024-04-09,Cancelado
766,14,2024-07-04,Entregue
767,125,2024-06-11,Entregue
768,185,2023-11-30,Cancelado
769,174,2023-11-30,Entregue
770,84,2023-08-22,Cancelado
771,106,2023-07-24,Entregue
772,19,2023-05-29,Enviado
773,117,2023-07-02,Entregue
774,118,2023-10-04,Entregue
775,9,2024-12-09,Entregue
776,35,2024-04-14,Cancelado
777,88,2024-09-10,Enviado
778,157,2023-03-30,Entregue
779,126,2024-04-18,Cancelado
780,110,2023-09-10,Entregue
781,149,2024-05-31,Entregue
782,109,2024-06-27,Em processamento
783,26,2023-05-16,Entregue
784,166,2023-04-03,Em processamento
785,79,2024-12-21,Entregue
786,161,2023-03-14,Em processamento
787,86,2024-06-27,Entregue
788,70,2023-02-26,Entregue
789,173,2023-04-24,Entregue
790,159,2023-02-11,Entregue
791,166,2023-07-29,Entregue
792,62,2024-07-06,Entregue
793,149,2024-12-20,Cancelado
794,58,2023-11-25,Entregue
795,129,2024-11-27,Entregue
796,17,2024-01-17,Entregue
797,129,2024-11-25,Entregue
798,116,2024-09-27,Em processamento
799,178,2023-03-09,Entregue
800,23,2023-03-24,Entregue
801,74,2023-03-20,Entregue
802,29,2024-12-14,Entregue
803,53,2023-01-24,Em processamento
804,139,2023-05-16,Entregue
805,114,2024-10-22,Entregue
806,17,2024-11-02,Entregue
807,125,2024-08-03,Entregue
808,44,2023-09-24,Entregue
809,74,2023-02-18,Entregue
810,117,2023-10-20,Entregue
811,182,2023-06-07,Entregue
812,11,2023-11-21,Entregue
813,67,2024-01-14,Enviado
814,182,2023-12-19,Entregue
815,139,2023-11-24,Cancelado
816,140,2024-06-03,Em processamento
817,76,2024-03-28,Entregue
818,123,2023-02-11,Enviado
819,30,2023-11-12,Enviado
820,57,2024-04-01,Entregue
821,15,2023-10-12,Entregue
822,138,2024-02-08,Entregue
823,155,2024-01-05,Em processamento
824,110,2024-01-14,Entregue
825,73,2023-12-20,Entregue
826,144,2023-03-31,Entregue
827,107,2024-03-29,Cancelado
828,109,2024-02-29,Enviado
829,154,2023-03-30,Entregue
830,122,2023-04-01,Enviado
831,70,2024-02-29,Entregue
832,182,2023-05-21,Entregue
833,75,2023-11-06,Entregue
834,127,2023-08-18,Entregue
835,40,2023-09-26,Enviado
836,163,2024-04-28,Em processamento
837,74,2024-03-03,Em processamento
838,166,2023-09-08,Cancelado
839,71,2024-08-02,Entregue
840,161,2024-12-03,Em processamento
841,31,2024-08-12,Entregue
842,42,2024-08-18,Entregue
843,119,2024-12-10,Entregue
844,14,2023-10-07,Enviado
845,92,2023-02-19,Entregue
846,164,2024-10-05,Entregue
847,154,2023-11-20,Em processamento
848,78,2024-12-05,Entregue
849,149,2023-01-14,Entregue
850,96,2024-05-11,Entregue
851,27,2023-08-12,Entregue
852,49,2024-12-30,Cancelado
853,30,2023-03-20,Entregue
854,5,2024-05-06,Em processamento
855,93,2023-12-17,Entregue
856,8,2023-05-02,Em processamento
857,37,2024-12-05,Entregue
858,54,2023-04-25,Cancelado
859,124,2024-03-17,Entregue
860,9,2024-11-06,Entregue
861,121,2023-02-14,Em processamento
862,3,2024-09-08,Entregue
863,48,2024-11-17,Entregue
864,38,2023-12-23,Entregue
865,157,2023-03-11,Enviado
866,4,2024-06-25,Entregue
867,73,2024-07-04,Cancelado
868,26,2024-12-25,Em processamento
869,151,2023-07-09,Entregue
870,47,2024-03-10,Entregue
871,105,2023-11-18,Entregue
872,134,2023-05-20,Entregue
873,181,2023-02-11,Entregue
874,30,2024-01-30,Enviado
875,80,2024-03-30,Entregue
876,75,2024-03-14,Entregue
877,122,2024-11-26,Entregue
878,173,2024-02-10,Em processamento
879,174,2023-03-29,Entregue
880,103,2024-12-12,Entregue
881,44,2023-03-08,Entregue
882,87,2024-02-18,Entregue
883,186,2024-05-26,Em processamento
884,149,2024-08-30,Em processamento
885,103,2023-12-31,Enviado
886,104,2024-05-11,Entregue
887,117,2023-04-21,Entregue
888,128,2023-05-18,Cancelado
889,14,2023-12-01,Enviado
890,160,2024-11-07,Cancelado
891,127,2024-04-22,Em processamento
892,128,2024-05-17,Entregue
893,88,2023-05-02,Entregue
894,97,2023-02-03,Em processamento
895,78,2024-12-24,Entregue
896,35,2023-11-16,Entregue
897,29,2024-11-06,Entregue
898,147,2024-02-05,Enviado
899,97,2023-10-19,Entregue
900,152,2023-02-16,Entregue
901,90,2024-08-20,Enviado
902,88,2024-01-25,Entregue
903,92,2024-02-26,Em processamento
904,63,2023-09-11,Entregue
905,152,2023-04-28,Entregue
906,138,2023-11-30,Em processamento
907,109,2024-03-07,Em processamento
908,121,2024-08-25,Entregue
909,97,2024-08-07,Enviado
910,26,2024-05-15,Em processamento
911,53,2023-12-11,Cancelado
912,171,2023-12-14,Entregue
913,94,2024-03-22,Enviado
914,20,2024-07-02,Entregue
915,13,2023-11-01,Entregue
916,58,2024-08-15,Entregue
917,70,2023-08-03,Entregue
918,167,2023-11-06,Entregue
919,111,2024-11-10,Entregue
920,107,2024-02-16,Entregue
921,117,2024-11-18,Entregue
922,5,2024-04-23,Enviado
923,137,2024-10-03,Entregue
924,94,2024-04-18,Entregue
925,176,2023-11-04,Entregue
926,82,2024-02-27,Entregue
927,166,2023-06-14,Enviado
928,61,2024-02-20,Entregue
929,50,2023-01-29,Entregue
930,119,2024-05-12,Entregue
931,109,2023-07-26,Entregue
932,8,2023-02-26,Entregue
933,81,2024-09-08,Entregue
934,105,2023-04-03,Cancelado
935,36,2023-08-30,Cancelado
936,129,2023-05-04,Enviado
937,135,2023-04-03,Entregue
938,81,2023-08-12,Entregue
939,55,2023-10-09,Entregue
940,151,2023-04-26,Entregue
941,122,2024-11-30,Entregue
942,38,2024-09-12,Cancelado
943,170,2024-11-18,Enviado
944,99,2023-11-13,Em processamento
945,93,2024-12-02,Entregue
946,114,2024-02-02,Entregue
947,66,2023-11-05,Cancelado
948,61,2023-11-01,Entregue
949,113,2024-10-08,Cancelado
950,165,2024-05-18,Entregue
951,86,2024-12-16,Entregue
952,91,2024-10-18,Entregue
953,1,2024-02-15,Entregue
954,81,2024-08-12,Entregue
955,64,2023-11-24,Cancelado
956,35,2023-09-24,Enviado
957,84,2023-10-16,Entregue
958,95,2023-07-06,Entregue
959,147,2023-08-18,Entregue
960,143,2024-04-18,Em processamento
961,44,2023-02-20,Entregue
962,154,2023-09-24,Entregue
963,44,2024-08-03,Em processamento
964,135,2024-05-21,Em processamento
965,53,2023-09-30,Entregue
966,98,2023-05-14,Entregue
967,154,2023-07-13,Entregue
968,38,2023-01-30,Entregue
969,61,2024-09-24,Entregue
970,95,2024-04-14,Entregue
971,35,2023-11-28,Entregue
972,176,2024-12-26,Enviado
973,66,2023-03-16,Entregue
974,14,2023-02-16,Entregue
975,159,2024-01-26,Entregue
976,172,2024-01-15,Enviado
977,11,2024-08-17,Entregue
978,129,2024-04-24,Entregue
979,182,2024-06-27,Entregue
980,30,2023-11-17,Entregue
981,128,2024-03-16,Entregue
982,157,2023-11-20,Entregue
983,39,2024-11-04,Entregue
984,14,2023-07-13,Entregue
985,47,2024-03-22,Entregue
986,11,2024-03-28,Em processamento
987,144,2024-05-11,Entregue
988,185,2023-06-01,Entregue
989,53,2023-10-18,Entregue
990,131,2024-11-10,Enviado
991,2,2023-07-04,Entregue
992,64,2023-12-03,Em processamento
993,175,2023-05-05,Enviado
994,28,2023-11-28,Entregue
995,118,2024-12-25,Entregue
996,161,2023-01-06,Entregue
997,168,2023-11-29,Cancelado
998,146,2023-05-13,Entregue
999,165,2023-10-17,Entregue
1000,19,2024-01-26,Entregue
1001,46,2024-02-13,Entregue
1002,42,2024-10-31,Entregue
1003,126,2023-11-14,Enviado
1004,34,2024-05-16,Entregue
1005,122,2024-03-09,Entregue
1006,95,2024-09-20,Enviado
1007,110,2023-04-06,Entregue
1008,119,2024-11-23,Em processamento
1009,183,2024-06-21,Entregue
1010,112,2024-05-04,Entregue
1011,176,2023-11-04,Entregue
1012,110,2024-07-18,Entregue
1013,132,2024-02-27,Em processamento
1014,185,2023-12-30,Entregue
1015,129,2023-01-17,Em processamento
1016,119,2024-02-07,Entregue
1017,181,2023-11-01,Cancelado
1018,117,2024-11-17,Entregue
1019,88,2023-07-11,Entregue
1020,155,2023-04-19,Entregue
1021,2,2024-02-09,Entregue
1022,168,2024-05-03,Entregue
1023,169,2023-11-07,Enviado
1024,93,2024-12-08,Em processamento
1025,173,2023-03-31,Entregue
1026,49,2023-01-28,Em processamento
1027,38,2024-10-27,Enviado
1028,138,2023-07-15,Cancelado
1029,119,2023-01-23,Entregue
1030,180,2024-04-27,Entregue
1031,150,2023-09-06,Enviado
1032,101,2023-02-22,Entregue
1033,162,2024-12-31,Entregue
1034,127,2024-05-12,Cancelado
1035,157,2024-11-25,Entregue
1036,60,2024-07-20,Em processamento
1037,107,2024-04-29,Enviado
1038,166,2023-12-22,Entregue
1039,6,2023-06-15,Entregue
1040,121,2023-12-19,Entregue
1041,57,2024-11-03,Entregue
1042,186,2024-12-29,Entregue
1043,173,2023-05-13,Entregue
1044,52,2024-05-20,Entregue
1045,143,2024-05-30,Entregue
1046,87,2024-03-16,Entregue
1047,31,2024-07-29,Entregue
1048,88,2024-07-24,Entregue
1049,177,2023-04-15,Enviado
1050,11,2024-06-03,Enviado
1051,31,2024-12-26,Entregue
1052,128,2023-04-12,Entregue
1053,86,2023-05-22,Entregue
1054,113,2023-01-07,Entregue
1055,88,2023-03-29,Em processamento
1056,107,2023-09-09,Cancelado
1057,136,2024-01-06,Entregue
1058,114,2023-03-28,Entregue
1059,43,2024-03-20,Cancelado
1060,10,2024-11-07,Entregue
1061,148,2024-03-05,Em processamento
1062,180,2023-11-18,Entregue
1063,72,2024-12-15,Entregue
1064,167,2023-11-05,Entregue
1065,86,2023-05-10,Entregue
1066,73,2023-08-07,Enviado
1067,80,2024-06-17,Enviado
1068,41,2023-01-24,Entregue
1069,152,2023-09-22,Cancelado
1070,78,2024-01-17,Entregue
1071,91,2023-05-07,Em processamento
1072,32,2024-04-04,Cancelado
1073,2,2024-04-09,Entregue
1074,149,2024-09-01,Entregue
1075,73,2024-11-13,Em processamento
1076,147,2024-11-19,Entregue
1077,134,2023-09-11,Entregue
1078,150,2024-01-05,Entregue
1079,183,2023-03-25,Entregue
1080,34,2024-05-02,Entregue
1081,95,2024-11-24,Enviado
1082,144,2024-10-13,Entregue
1083,177,2023-05-28,Entregue
1084,183,2024-04-13,Em processamento
1085,132,2024-06-25,Entregue
1086,117,2024-04-29,Entregue
1087,144,2024-02-23,Entregue
1088,147,2023-10-24,Entregue
1089,31,2024-01-16,Entregue
1090,78,2023-05-27,Enviado
1091,108,2023-11-09,Entregue
1092,47,2024-05-15,Enviado
1093,90,2023-11-14,Entregue
1094,97,2024-09-12,Entregue
1095,130,2023-11-30,Enviado
1096,171,2024-09-30,Entregue
1097,102,2023-12-14,Em processamento
1098,114,2024-12-25,Em processamento
1099,32,2024-06-18,Entregue
1100,129,2023-01-20,Entregue
1101,47,2023-01-20,Entregue
1102,63,2024-08-16,Entregue
1103,156,2023-11-25,Entregue
1104,126,2023-01-24,Entregue
1105,107,2023-11-21,Entregue
1106,30,2023-10-20,Entregue
1107,23,2023-06-07,Entregue
1108,174,2023-06-23,Entregue
1109,47,2023-11-02,Entregue
1110,37,2023-09-22,Entregue
1111,14,2023-07-27,Enviado
1112,151,2024-05-31,Entregue
1113,69,2023-03-04,Enviado
1114,105,2023-01-20,Enviado
1115,173,2023-04-14,Enviado
1116,167,2023-05-09,Entregue
1117,115,2024-05-27,Entregue
1118,96,2024-07-22,Entregue
1119,119,2024-09-27,Entregue
1120,1,2024-05-08,Entregue
1121,175,2024-10-09,Entregue
1122,73,2023-02-16,Entregue
1123,145,2023-03-13,Entregue
1124,179,2024-03-18,Entregue
1125,82,2024-11-29,Enviado
1126,67,2024-12-25,Entregue
1127,170,2023-11-26,Entregue
1128,154,2023-12-03,Em processamento
1129,35,2024-12-14,Cancelado
1130,101,2024-07-05,Em processamento
1131,167,2024-11-18,Entregue
1132,91,2024-01-02,Cancelado
1133,179,2023-01-09,Entregue
1134,50,2024-03-31,Cancelado
1135,6,2024-12-27,Entregue
1136,158,2024-10-02,Em processamento
1137,57,2024-01-07,Entregue
1138,181,2024-12-24,Entregue
1139,51,2024-10-15,Entregue
1140,146,2024-05-27,Enviado
1141,50,2024-11-06,Em processamento
1142,175,2023-03-08,Enviado
1143,59,2023-10-08,Em processamento
1144,6,2024-12-10,Enviado
1145,65,2024-11-28,Entregue
1146,1,2024-10-27,Entregue
1147,111,2024-02-21,Em processamento
1148,133,2023-08-18,Entregue
1149,137,2024-04-04,Entregue
1150,50,2023-12-09,Enviado
1151,7,2023-09-13,Entregue
1152,80,2023-04-10,Entregue
1153,7,2023-09-11,Entregue
1154,88,2024-09-26,Entregue
1155,161,2023-02-04,Em processamento
1156,17,2023-05-11,Entregue
1157,15,2023-11-05,Entregue
1158,17,2024-07-26,Entregue
1159,103,2024-02-25,Enviado
1160,169,2024-09-30,Entregue
1161,119,2024-09-26,Em processamento
1162,173,2023-01-27,Entregue
1163,151,2023-07-17,Entregue
1164,153,2024-12-31,Entregue
1165,147,2023-09-20,Entregue
1166,186,2024-09-27,Entregue
1167,36,2023-02-15,Entregue
1168,150,2023-11-15,Entregue
1169,38,2023-05-31,Enviado
1170,88,2023-10-26,Entregue
1171,133,2023-05-29,Entregue
1172,144,2023-02-25,Entregue
1173,52,2023-03-12,Em processamento
1174,122,2024-12-12,Entregue
1175,154,2024-12-10,Enviado
1176,145,2023-12-10,Entregue
1177,85,2023-06-16,Entregue
1178,127,2024-10-16,Entregue
1179,120,2024-09-30,Entregue
1180,85,2024-01-20,Entregue
1181,2,2024-01-07,Entregue
1182,8,2024-07-22,Entregue
1183,113,2024-01-04,Entregue
1184,51,2023-07-22,Entregue
1185,68,2023-06-28,Enviado
1186,63,2023-07-02,Entregue
1187,68,2023-04-14,Em processamento
1188,36,2023-04-24,Entregue
1189,79,2024-04-12,Entregue
1190,170,2024-12-29,Entregue
1191,34,2023-07-14,Entregue
1192,178,2024-01-19,Entregue
1193,163,2024-07-02,Entregue
1194,84,2023-09-11,Entregue
1195,33,2024-05-15,Entregue
1196,121,2024-11-10,Entregue
1197,131,2024-04-20,Em processamento
1198,96,2024-05-21,Enviado
1199,103,2023-08-01,Entregue
1200,116,2023-08-29,Entregue
1201,109,2024-01-19,Entregue
1202,35,2023-03-28,Entregue
1203,91,2023-12-11,Entregue
1204,111,2024-02-23,Entregue
1205,82,2023-10-07,Entregue
1206,114,2023-08-28,Entregue
1207,92,2023-03-26,Entregue
1208,132,2023-04-11,Entregue
1209,10,2024-07-13,Entregue
1210,173,2023-12-04,Cancelado
1211,175,2023-10-09,Enviado
1212,36,2023-01-13,Entregue
1213,168,2023-08-22,Cancelado
1214,54,2024-04-30,Enviado
1215,142,2024-04-17,Entregue
1216,81,2023-07-12,Em processamento
1217,107,2023-08-03,Enviado
1218,8,2024-01-19,Entregue
1219,79,2024-11-05,Entregue
1220,58,2024-03-05,Cancelado
1221,104,2024-12-08,Entregue
1222,151,2023-12-05,Enviado
1223,156,2024-01-26,Entregue
1224,17,2024-07-01,Entregue
1225,28,2023-12-03,Entregue
1226,164,2023-11-08,Entregue
1227,173,2024-07-20,Em processamento
1228,155,2024-05-15,Entregue
1229,18,2024-01-31,Entregue
1230,75,2024-11-06,Entregue
1231,15,2023-06-25,Entregue
1232,101,2023-05-13,Entregue
1233,18,2023-07-31,Entregue
1234,80,2024-11-11,Enviado
1235,148,2023-11-14,Entregue
1236,184,2024-12-02,Entregue
1237,2,2023-05-27,Entregue
1238,155,2024-04-12,Entregue
1239,180,2023-06-29,Entregue
1240,159,2024-11-05,Enviado
1241,25,2023-02-14,Entregue
1242,71,2024-11-13,Em processamento
1243,186,2024-07-20,Entregue
1244,20,2023-11-30,Entregue
1245,65,2024-04-18,Enviado
1246,178,2024-11-22,Entregue
1247,88,2024-02-11,Entregue
1248,30,2023-12-01,Entregue
1249,125,2024-04-17,Enviado
1250,169,2024-03-24,Entregue
1251,42,2024-09-13,Entregue
1252,32,2023-06-22,Cancelado
1253,3,2024-11-24,Entregue
1254,92,2023-07-02,Entregue
1255,173,2024-06-29,Em processamento
1256,13,2024-11-06,Entregue
1257,177,2023-11-12,Enviado
1258,2,2023-07-24,Entregue
1259,8,2023-01-15,Entregue
1260,175,2024-11-16,Entregue
1261,171,2023-02-15,Entregue
1262,84,2023-11-27,Entregue
1263,160,2023-05-04,Entregue
1264,92,2023-11-28,Entregue
1265,168,2023-11-20,Entregue
1266,118,2023-08-14,Entregue
1267,167,2024-09-30,Entregue
1268,56,2024-02-25,Enviado
1269,128,2024-08-05,Entregue
1270,154,2023-11-29,Em processamento
1271,100,2024-11-25,Cancelado
1272,178,2023-05-17,Enviado
1273,177,2023-11-22,Em processamento
1274,124,2023-03-11,Enviado
1275,150,2024-04-04,Enviado
1276,60,2024-05-30,Entregue
1277,60,2023-05-08,Cancelado
1278,110,2023-03-03,Entregue
1279,76,2023-07-26,Entregue
1280,165,2023-02-08,Cancelado
1281,154,2023-12-03,Entregue
1282,165,2023-12-06,Entregue
1283,139,2024-11-11,Em processamento
1284,179,2023-07-07,Entregue
1285,17,2024-05-18,Entregue
1286,14,2023-07-29,Entregue
1287,152,2023-07-29,Entregue
1288,110,2024-04-23,Cancelado
1289,51,2023-09-08,Enviado
1290,64,2023-11-07,Entregue
1291,163,2023-07-26,Entregue
1292,21,2024-01-04,Entregue
1293,121,2024-03-27,Enviado
1294,111,2024-05-08,Entregue
1295,110,2023-11-04,Entregue
1296,142,2023-06-29,Entregue
1297,79,2024-04-09,Enviado
1298,156,2024-05-07,Entregue
1299,184,2024-04-25,Entregue
1300,2,2024-01-18,Entregue
1301,165,2024-08-25,Entregue
1302,32,2023-06-16,Entregue
1303,66,2023-12-23,Entregue
1304,163,2024-12-06,Entregue
1305,167,2023-09-10,Entregue
1306,93,2024-10-22,Enviado
1307,117,2024-11-28,Entregue
1308,155,2023-06-15,Cancelado
1309,24,2024-01-29,Enviado
1310,21,2024-03-09,Entregue
1311,65,2024-12-09,Entregue
1312,169,2023-04-02,Enviado
1313,89,2023-05-27,Entregue
1314,102,2024-12-16,Entregue
1315,126,2023-01-02,Cancelado
1316,179,2024-11-01,Entregue
1317,44,2023-06-30,Em processamento
1318,35,2023-08-06,Entregue
1319,47,2023-07-16,Entregue
1320,113,2023-06-20,Entregue
1321,97,2023-05-08,Entregue
1322,8,2024-08-22,Entregue
1323,173,2023-04-14,Entregue
1324,2,2024-11-12,Entregue
1325,25,2023-01-08,Entregue
1326,69,2024-05-12,Entregue
1327,155,2024-03-15,Em processamento
1328,88,2023-11-19,Entregue
1329,171,2024-02-13,Entregue
1330,92,2024-12-16,Entregue
1331,7,2024-09-08,Entregue
1332,72,2023-09-12,Enviado
1333,176,2024-11-05,Entregue
1334,106,2024-11-07,Enviado
1335,83,2023-11-30,Entregue
1336,156,2024-05-11,Enviado
1337,21,2023-12-23,Entregue
1338,169,2024-01-30,Entregue
1339,183,2024-05-31,Entregue
1340,23,2023-11-05,Enviado
1341,120,2024-07-07,Entregue
1342,44,2024-11-06,Entregue
1343,112,2023-01-30,Entregue
1344,99,2023-10-15,Entregue
1345,171,2024-11-17,Entregue
1346,137,2024-09-07,Entregue
1347,97,2023-08-17,Entregue
1348,23,2023-04-25,Cancelado
1349,152,2023-01-02,Enviado
1350,138,2024-03-09,Entregue
1351,174,2023-05-10,Enviado
1352,152,2023-08-16,Entregue
1353,138,2024-04-16,Entregue
1354,57,2024-12-20,Entregue
1355,80,2023-05-07,Em processamento
1356,147,2023-12-08,Em processamento
1357,54,2024-02-06,Em processamento
1358,41,2023-12-12,Entregue
1359,90,2024-02-05,Entregue
1360,73,2024-07-15,Entregue
1361,83,2024-12-27,Em processamento
1362,42,2024-08-14,Em processamento
1363,124,2023-08-03,Cancelado
1364,51,2024-10-28,Cancelado
1365,148,2023-06-01,Entregue
1366,174,2023-04-09,Entregue
1367,46,2023-02-23,Entregue
1368,167,2023-12-13,Entregue
1369,161,2024-02-18,Entregue
1370,62,2024-12-05,Entregue
1371,168,2024-11-17,Cancelado
1372,119,2024-10-27,Enviado
1373,168,2024-03-31,Entregue
1374,30,2023-03-26,Em processamento
1375,172,2024-06-05,Enviado
1376,147,2024-08-30,Entregue
1377,166,2024-12-20,Enviado
1378,33,2023-04-12,Em processamento
1379,138,2023-07-09,Em processamento
1380,6,2024-10-29,Entregue
1381,54,2024-11-05,Entregue
1382,154,2024-12-12,Enviado
1383,115,2023-11-18,Entregue
1384,148,2023-02-05,Entregue
1385,130,2023-11-02,Entregue
1386,44,2024-11-04,Entregue
1387,12,2024-03-31,Entregue
1388,178,2023-11-17,Entregue
1389,156,2024-12-05,Entregue
1390,61,2023-02-07,Entregue
1391,56,2023-10-12,Enviado
1392,109,2023-09-24,Entregue
1393,103,2024-04-12,Entregue
1394,174,2023-05-27,Entregue
1395,162,2024-12-14,Em processamento
1396,96,2023-11-20,Entregue
1397,98,2023-09-11,Entregue
1398,137,2024-02-21,Enviado
1399,23,2023-10-07,Entregue
1400,71,2023-01-11,Entregue
1401,97,2023-05-07,Cancelado
1402,79,2024-05-16,Entregue
1403,180,2024-07-18,Entregue
1404,13,2023-06-24,Cancelado
1405,100,2023-07-05,Cancelado
1406,174,2023-05-11,Em processamento
1407,132,2024-12-31,Entregue
1408,37,2023-10-01,Cancelado
1409,164,2023-07-07,Entregue
1410,120,2024-05-29,Entregue
1411,134,2023-08-23,Entregue
1412,79,2023-04-06,Entregue
1413,22,2023-05-20,Entregue
1414,176,2024-11-24,Em processamento
1415,32,2024-02-20,Entregue
1416,2,2023-12-20,Cancelado
1417,170,2023-06-29,Entregue
1418,132,2023-06-24,Entregue
1419,87,2024-11-26,Entregue
1420,31,2023-10-25,Entregue
1421,68,2023-08-07,Enviado
1422,146,2024-02-08,Entregue
1423,165,2023-02-28,Enviado
1424,118,2023-12-03,Entregue
1425,2,2023-07-10,Entregue
1426,26,2023-06-07,Entregue
1427,2,2023-09-14,Entregue
1428,96,2023-11-03,Entregue
1429,138,2023-10-03,Entregue
1430,169,2024-03-25,Entregue
1431,112,2023-01-06,Em processamento
1432,51,2023-04-24,Entregue
1433,35,2024-02-09,Entregue
1434,9,2023-09-30,Entregue
1435,141,2023-05-11,Cancelado
1436,103,2024-02-03,Entregue
1437,6,2023-05-10,Entregue
1438,4,2024-12-01,Em processamento
1439,88,2023-01-09,Entregue
1440,73,2024-05-12,Entregue
1441,64,2024-09-24,Entregue
1442,48,2023-09-13,Entregue
1443,68,2024-12-18,Entregue
1444,51,2023-06-02,Entregue
1445,31,2023-05-16,Entregue
1446,50,2023-05-30,Enviado
1447,52,2024-01-25,Entregue
1448,180,2023-08-16,Entregue
1449,16,2024-06-06,Entregue
1450,78,2023-04-23,Entregue
1451,90,2024-12-29,Entregue
1452,13,2023-07-06,Entregue
1453,170,2023-11-26,Entregue
1454,72,2024-09-13,Entregue
1455,65,2024-05-18,Entregue
1456,29,2024-11-30,Entregue
1457,85,2024-01-16,Entregue
1458,54,2024-08-21,Entregue
1459,34,2023-05-04,Em processamento
1460,49,2023-04-12,Entregue
1461,159,2023-12-18,Entregue
1462,52,2023-02-14,Entregue
1463,141,2024-12-29,Cancelado
1464,144,2024-05-30,Entregue
1465,43,2024-09-05,Entregue
1466,75,2024-12-11,Entregue
1467,127,2024-12-02,Entregue
1468,20,2023-06-19,Entregue
1469,99,2023-07-31,Entregue
1470,147,2024-12-25,Entregue
1471,78,2023-08-14,Entregue
1472,142,2023-05-02,Entregue
1473,137,2023-09-01,Enviado
1474,38,2023-01-02,Em processamento
1475,89,2024-01-13,Em processamento
1476,141,2023-10-29,Entregue
1477,161,2023-10-14,Entregue
1478,138,2024-11-04,Cancelado
1479,150,2024-12-05,Em processamento
1480,66,2024-07-18,Entregue
1481,57,2023-11-29,Enviado
1482,162,2024-02-09,Entregue
1483,186,2024-03-20,Entregue
1484,24,2024-05-22,Entregue
1485,46,2023-01-22,Entregue
1486,101,2024-12-04,Entregue
1487,37,2023-03-15,Entregue
1488,166,2024-02-17,Entregue
1489,36,2024-01-22,Entregue
1490,4,2023-05-16,Entregue
1491,69,2024-09-06,Entregue
1492,28,2023-03-29,Entregue
1493,145,2023-11-11,Entregue
1494,63,2023-05-07,Entregue
1495,27,2024-07-11,Entregue
1496,107,2023-05-26,Entregue
1497,7,2023-08-21,Entregue
1498,91,2024-11-02,Em processamento
1499,99,2023-04-23,Entregue
1500,92,2023-05-02,Entregue
1501,12,2024-09-11,Entregue
1502,136,2023-12-09,Em processamento
1503,109,2024-12-04,Entregue
1504,90,2023-04-17,Entregue
1505,170,2023-05-31,Entregue
1506,115,2023-10-13,Entregue
1507,33,2023-12-28,Entregue
1508,124,2023-12-08,Em processamento
1509,63,2024-01-28,Entregue
1510,138,2024-01-29,Em processamento
1511,108,2023-08-29,Entregue
1512,5,2023-05-23,Entregue
1513,142,2024-03-07,Entregue
1514,15,2023-05-22,Em processamento
1515,181,2023-05-27,Entregue
1516,179,2024-03-10,Em processamento
1517,28,2024-11-09,Entregue
1518,153,2023-06-11,Entregue
1519,37,2023-03-22,Entregue
1520,146,2024-03-02,Entregue
1521,121,2024-04-26,Entregue
1522,114,2023-10-21,Entregue
1523,165,2023-01-12,Entregue
1524,175,2024-05-28,Entregue
1525,109,2023-06-10,Entregue
1526,134,2023-08-13,Cancelado
1527,144,2024-12-10,Entregue
1528,168,2024-10-19,Entregue
1529,43,2024-10-24,Entregue
1530,28,2023-04-17,Enviado
1531,86,2023-01-29,Entregue
1532,139,2023-04-20,Enviado
1533,3,2023-11-13,Entregue
1534,164,2023-02-03,Entregue
1535,146,2024-08-01,Entregue
1536,12,2023-02-19,Entregue
1537,3,2023-11-19,Cancelado
1538,92,2023-04-10,Cancelado
1539,129,2023-06-03,Entregue
1540,123,2023-02-08,Entregue
1541,175,2024-04-19,Enviado
1542,24,2024-11-28,Cancelado
1543,184,2024-05-28,Cancelado
1544,156,2023-12-16,Entregue
1545,87,2023-10-25,Entregue
1546,11,2024-02-01,Enviado
1547,156,2024-05-24,Entregue
1548,37,2023-11-13,Entregue
1549,128,2023-06-15,Enviado
1550,94,2023-12-28,Entregue
1551,182,2024-04-16,Entregue
1552,66,2024-02-15,Enviado
1553,175,2023-05-13,Entregue
1554,160,2023-11-18,Em processamento
1555,106,2024-06-02,Em processamento
1556,11,2024-07-28,Entregue
1557,75,2024-01-20,Entregue
1558,19,2023-08-17,Entregue
1559,172,2023-04-06,Entregue
1560,165,2024-04-21,Entregue
1561,28,2023-07-24,Entregue
1562,82,2024-05-12,Cancelado
1563,122,2023-04-28,Entregue
1564,140,2023-11-24,Enviado
1565,98,2024-04-29,Entregue
1566,6,2024-12-01,Entregue
1567,163,2023-06-30,Entregue
1568,71,2024-02-19,Em processamento
1569,116,2024-11-16,Entregue
1570,14,2024-03-14,Cancelado
1571,77,2023-06-18,Entregue
1572,124,2024-05-01,Entregue
1573,179,2024-03-23,Em processamento
1574,147,2024-09-03,Cancelado
1575,171,2023-11-28,Cancelado
1576,82,2023-01-15,Entregue
1577,38,2024-11-21,Entregue
1578,185,2023-04-10,Cancelado
1579,49,2023-08-10,Entregue
1580,174,2023-01-17,Entregue
1581,129,2024-02-28,Entregue
1582,139,2023-12-10,Entregue
1583,118,2024-03-14,Enviado
1584,153,2024-01-26,Em processamento
1585,177,2024-11-27,Entregue
1586,180,2023-04-17,Entregue
1587,158,2024-02-26,Cancelado
1588,160,2024-07-11,Entregue
1589,129,2024-11-14,Entregue
1590,55,2024-07-18,Entregue
1591,121,2023-05-08,Entregue
1592,106,2024-02-10,Entregue
1593,58,2024-06-03,Em processamento
1594,68,2023-11-11,Entregue
1595,173,2023-09-05,Entregue
1596,9,2023-01-16,Entregue
1597,133,2024-09-06,Entregue
1598,147,2024-03-16,Entregue
1599,50,2024-08-14,Enviado
1600,100,2023-06-27,Entregue
1601,133,2023-06-12,Entregue
1602,182,2023-05-10,Enviado
1603,148,2024-07-20,Entregue
1604,53,2023-04-06,Entregue
1605,3,2023-06-06,Em processamento
1606,140,2024-01-02,Em processamento
1607,57,2023-11-01,Entregue
1608,186,2024-11-06,Entregue
1609,37,2024-10-04,Enviado
1610,27,2024-09-02,Entregue
1611,73,2023-04-06,Entregue
1612,54,2024-02-05,Entregue
1613,106,2024-10-02,Em processamento
1614,108,2023-06-14,Entregue
1615,46,2024-11-06,Enviado
1616,9,2023-12-22,Enviado
1617,154,2024-07-13,Entregue
1618,66,2023-05-05,Entregue
1619,138,2023-06-06,Entregue
1620,30,2023-08-11,Entregue
1621,57,2023-05-10,Entregue
1622,52,2023-04-05,Enviado
1623,167,2024-05-22,Entregue
1624,50,2023-09-14,Em processamento
1625,184,2024-08-24,Entregue
1626,185,2024-05-14,Entregue
1627,109,2023-11-23,Enviado
1628,99,2024-03-15,Entregue
1629,96,2024-04-05,Entregue
1630,131,2024-06-27,Entregue
1631,30,2024-01-02,Entregue
1632,169,2024-01-16,Cancelado
1633,81,2023-05-06,Em processamento
1634,3,2023-12-03,Enviado
1635,83,2024-01-30,Entregue
1636,135,2023-08-11,Entregue
1637,184,2024-11-18,Em processamento
1638,108,2024-11-29,Entregue
1639,82,2023-07-22,Entregue
1640,128,2024-03-07,Entregue
1641,44,2024-09-07,Entregue
1642,61,2024-08-13,Entregue
1643,165,2024-04-17,Entregue
1644,10,2023-02-10,Entregue
1645,18,2024-04-26,Entregue
1646,186,2023-11-05,Cancelado
1647,89,2024-02-14,Cancelado
1648,81,2024-02-07,Entregue
1649,127,2024-09-24,Entregue
1650,13,2023-01-11,Entregue
1651,177,2024-03-22,Entregue
1652,49,2023-02-14,Entregue
1653,20,2023-09-28,Enviado
1654,98,2023-05-22,Entregue
1655,33,2023-11-23,Cancelado
1656,150,2024-11-15,Entregue
1657,62,2023-11-26,Entregue
1658,58,2023-04-05,Entregue
1659,183,2023-03-26,Entregue
1660,169,2023-03-03,Em processamento
1661,56,2023-12-15,Enviado
1662,136,2023-11-16,Em processamento
1663,40,2024-05-31,Entregue
1664,57,2024-01-08,Entregue
1665,159,2024-06-09,Entregue
1666,49,2023-03-12,Entregue
1667,176,2023-11-11,Enviado
1668,166,2023-04-15,Entregue
1669,29,2023-09-04,Entregue
1670,48,2023-10-01,Em processamento
1671,136,2024-04-08,Entregue
1672,141,2023-03-28,Entregue
1673,39,2024-06-04,Entregue
1674,70,2024-01-14,Em processamento
1675,98,2024-03-08,Entregue
1676,104,2024-06-15,Em processamento
1677,13,2024-10-23,Entregue
1678,57,2023-04-28,Entregue
1679,148,2023-09-30,Entregue
1680,26,2023-10-10,Enviado
1681,180,2024-02-19,Entregue
1682,57,2024-12-09,Entregue
1683,44,2023-07-28,Entregue
1684,181,2024-09-02,Entregue
1685,25,2024-12-18,Cancelado
1686,79,2024-12-05,Entregue
1687,175,2023-03-13,Entregue
1688,117,2024-11-13,Entregue
1689,6,2023-03-20,Cancelado
1690,3,2024-08-31,Entregue
1691,150,2024-06-21,Entregue
1692,43,2023-04-13,Cancelado
1693,86,2023-09-17,Entregue
1694,91,2023-11-05,Entregue
1695,170,2024-10-17,Entregue
1696,57,2024-11-06,Entregue
1697,128,2023-02-01,Cancelado
1698,179,2024-03-17,Cancelado
1699,23,2024-11-26,Entregue
1700,135,2023-06-29,Em processamento
1701,90,2023-12-06,Entregue
1702,71,2023-11-13,Enviado
1703,134,2024-12-19,Enviado
1704,32,2023-12-22,Entregue
1705,128,2024-12-02,Em processamento
1706,39,2023-06-16,Entregue
1707,17,2023-10-29,Entregue
1708,56,2023-05-07,Entregue
1709,2,2024-03-16,Entregue
1710,13,2023-09-15,Entregue
1711,129,2024-11-12,Enviado
1712,40,2023-07-21,Entregue
1713,75,2023-08-13,Entregue
1714,64,2024-11-25,Entregue
1715,103,2023-11-06,Entregue
1716,145,2023-11-27,Entregue
1717,175,2023-07-24,Entregue
1718,142,2023-07-24,Entregue
1719,77,2024-03-23,Entregue
1720,114,2024-12-11,Em processamento
1721,183,2024-07-26,Cancelado
1722,108,2024-01-18,Entregue
1723,145,2023-10-28,Entregue
1724,33,2023-02-25,Entregue
1725,167,2023-04-20,Entregue
1726,75,2024-11-21,Em processamento
1727,14,2024-12-19,Entregue
1728,144,2024-05-22,Em processamento
1729,164,2023-06-08,Entregue
1730,185,2023-04-28,Entregue
1731,155,2023-05-04,Entregue
1732,53,2024-06-01,Entregue
1733,32,2023-11-04,Entregue
1734,61,2024-07-13,Enviado
1735,175,2024-09-23,Entregue
1736,163,2023-01-23,Cancelado
1737,169,2023-09-04,Cancelado
1738,180,2024-07-13,Entregue
1739,75,2024-11-14,Entregue
1740,179,2024-03-11,Entregue
1741,118,2023-05-04,Entregue
1742,149,2023-11-07,Em processamento
1743,169,2024-09-26,Entregue
1744,36,2024-04-14,Entregue
1745,92,2024-05-30,Em processamento
1746,135,2023-12-27,Enviado
1747,87,2023-05-24,Cancelado
1748,169,2023-11-07,Entregue
1749,166,2024-05-10,Entregue
1750,156,2024-11-05,Em processamento
1751,130,2024-11-05,Entregue
1752,179,2023-11-28,Enviado
1753,90,2024-02-18,Entregue
1754,41,2023-08-26,Entregue
1755,128,2024-11-26,Cancelado
1756,60,2023-08-31,Entregue
1757,99,2023-04-28,Cancelado
1758,19,2023-11-25,Entregue
1759,97,2023-07-20,Entregue
1760,174,2023-10-20,Cancelado
1761,42,2023-07-16,Entregue
1762,162,2024-11-15,Entregue
1763,36,2023-01-06,Entregue
1764,146,2023-12-15,Cancelado
1765,165,2023-03-10,Entregue
1766,110,2024-10-02,Entregue
1767,146,2023-03-22,Entregue
1768,77,2023-04-14,Entregue
1769,14,2023-01-24,Entregue
1770,65,2024-09-17,Entregue
1771,80,2023-02-03,Entregue
1772,52,2023-03-02,Enviado
1773,85,2024-11-10,Entregue
1774,61,2024-05-20,Enviado
1775,157,2023-02-06,Entregue
1776,107,2023-04-17,Entregue
1777,58,2024-10-27,Entregue
1778,78,2023-08-22,Entregue
1779,7,2023-02-23,Entregue
1780,179,2023-05-09,Entregue
1781,141,2023-05-22,Entregue
1782,158,2024-01-12,Entregue
1783,112,2023-03-01,Entregue
1784,151,2023-01-11,Cancelado
1785,138,2024-08-04,Entregue
1786,185,2023-03-20,Entregue
1787,47,2023-10-17,Entregue
1788,155,2024-11-01,Entregue
1789,34,2024-09-12,Em processamento
1790,32,2024-11-03,Entregue
1791,140,2023-08-14,Entregue
1792,94,2024-07-18,Em processamento
1793,63,2023-11-23,Entregue
1794,27,2023-02-25,Entregue
1795,181,2023-03-22,Entregue
1796,134,2023-08-25,Enviado
1797,54,2023-05-06,Entregue
1798,10,2023-04-27,Entregue
1799,70,2023-11-04,Entregue
1800,16,2024-01-27,Entregue
1801,58,2023-07-30,Em processamento
1802,111,2024-06-29,Entregue
1803,9,2024-08-28,Entregue
1804,88,2024-09-28,Entregue
1805,15,2024-11-25,Entregue
1806,119,2023-09-24,Entregue
1807,120,2023-09-01,Entregue
1808,72,2024-11-29,Entregue
1809,64,2024-07-09,Enviado
1810,102,2024-01-06,Entregue
1811,168,2024-09-14,Entregue
1812,146,2024-11-07,Entregue
1813,46,2024-03-26,Entregue
1814,92,2024-07-23,Entregue
1815,149,2023-03-23,Enviado
1816,142,2023-11-18,Entregue
1817,47,2023-10-10,Entregue
1818,33,2024-11-02,Entregue
1819,168,2023-02-09,Entregue
1820,113,2024-08-16,Enviado
1821,184,2023-08-22,Em processamento
1822,67,2023-09-21,Entregue
1823,139,2023-12-25,Entregue
1824,114,2023-08-31,Enviado
1825,96,2024-11-28,Em processamento
1826,110,2023-10-17,Entregue
1827,156,2024-01-04,Entregue
1828,167,2023-06-14,Entregue
1829,39,2024-08-28,Enviado
1830,55,2023-11-17,Cancelado
1831,131,2023-08-09,Enviado
1832,9,2024-11-03,Entregue
1833,167,2024-06-24,Entregue
1834,156,2024-06-16,Entregue
1835,50,2024-08-12,Entregue
1836,85,2024-01-06,Entregue
1837,30,2024-12-10,Cancelado
1838,105,2024-01-06,Enviado
1839,130,2023-08-24,Entregue
1840,59,2024-11-12,Entregue
1841,74,2023-12-16,Entregue
1842,105,2024-04-09,Entregue
1843,108,2023-04-14,Entregue
1844,111,2023-03-16,Entregue
1845,100,2024-03-08,Entregue
1846,179,2024-07-24,Entregue
1847,31,2023-12-11,Enviado
1848,28,2023-02-16,Entregue
1849,115,2024-03-22,Entregue
1850,180,2024-06-05,Entregue
1851,152,2024-08-30,Em processamento
1852,117,2024-01-24,Entregue
1853,131,2024-08-25,Cancelado
1854,25,2023-08-26,Entregue
1855,13,2024-03-12,Entregue
1856,82,2023-08-04,Entregue
1857,148,2024-09-22,Entregue
1858,73,2023-06-19,Entregue
1859,125,2024-03-25,Entregue
1860,74,2024-11-13,Entregue
1861,53,2023-06-22,Entregue
1862,139,2023-01-27,Entregue
1863,147,2024-06-17,Entregue
1864,76,2023-05-03,Entregue
1865,127,2023-09-27,Entregue
1866,72,2024-11-15,Entregue
1867,21,2023-12-01,Entregue
1868,71,2023-11-19,Entregue
1869,111,2024-06-17,Enviado
1870,170,2024-10-03,Enviado
1871,161,2023-01-09,Enviado
1872,97,2024-05-23,Entregue
1873,163,2023-08-08,Entregue
1874,126,2024-12-28,Entregue
1875,177,2024-10-15,Entregue
1876,169,2024-11-15,Enviado
1877,101,2024-09-04,Entregue
1878,76,2023-04-09,Cancelado
1879,74,2023-11-30,Entregue
1880,30,2023-11-23,Entregue
1881,179,2024-12-04,Entregue
1882,69,2024-06-03,Entregue
1883,16,2024-02-26,Entregue
1884,109,2024-02-13,Entregue
1885,69,2023-12-14,Entregue
1886,79,2024-04-03,Enviado
1887,43,2024-07-02,Enviado
1888,29,2023-12-08,Entregue
1889,142,2024-06-15,Entregue
1890,51,2023-08-23,Entregue
1891,96,2023-12-06,Enviado
1892,64,2023-01-14,Entregue
1893,135,2024-05-11,Entregue
1894,78,2023-01-25,Cancelado
1895,177,2023-09-11,Cancelado
1896,32,2023-03-20,Cancelado
1897,181,2024-03-01,Cancelado
1898,139,2024-02-05,Enviado
1899,80,2023-11-28,Cancelado
1900,6,2023-11-06,Entregue
1901,26,2023-10-26,Entregue
1902,105,2024-07-28,Entregue
1903,180,2024-01-27,Entregue
1904,101,2023-04-21,Enviado
1905,7,2024-04-02,Enviado
1906,28,2024-10-20,Entregue
1907,162,2023-03-27,Entregue
1908,54,2023-03-27,Enviado
1909,122,2023-09-16,Cancelado
1910,87,2023-06-04,Em processamento
1911,145,2024-09-05,Entregue
1912,69,2024-12-07,Enviado
1913,126,2024-10-29,Entregue
1914,182,2024-05-09,Cancelado
1915,21,2023-04-18,Entregue
1916,97,2023-05-05,Entregue
1917,30,2024-05-22,Entregue
1918,125,2024-07-14,Entregue
1919,76,2023-05-01,Entregue
1920,185,2024-11-23,Entregue
1921,158,2023-06-19,Entregue
1922,176,2023-05-19,Em processamento
1923,122,2023-01-11,Entregue
1924,39,2024-04-26,Entregue
1925,80,2024-12-19,Em processamento
1926,25,2023-04-07,Entregue
1927,153,2023-06-10,Enviado
1928,144,2023-08-20,Entregue
1929,50,2023-10-09,Entregue
1930,150,2023-11-10,Cancelado
1931,104,2023-10-14,Enviado
1932,27,2024-01-28,Cancelado
1933,152,2024-09-11,Cancelado
1934,158,2024-11-15,Entregue
1935,44,2023-08-10,Enviado
1936,38,2023-05-27,Entregue
1937,83,2023-02-23,Entregue
1938,109,2024-11-11,Entregue
1939,129,2023-05-01,Entregue
1940,97,2023-12-30,Entregue
1941,82,2024-06-27,Enviado
1942,55,2024-07-25,Entregue
1943,167,2023-12-23,Entregue
1944,120,2024-11-17,Entregue
1945,55,2023-07-15,Entregue
1946,3,2023-07-20,Entregue
1947,50,2023-12-03,Entregue
1948,65,2024-09-13,Em processamento
1949,71,2024-12-22,Enviado
1950,15,2024-10-09,Entregue
1951,122,2023-04-17,Entregue
1952,157,2024-12-31,Cancelado
1953,46,2023-05-15,Entregue
1954,15,2023-03-05,Entregue
1955,72,2023-01-18,Em processamento
1956,82,2024-12-27,Enviado
1957,185,2024-11-11,Em processamento
1958,172,2023-03-04,Cancelado
1959,129,2023-03-27,Entregue
1960,71,2024-09-15,Entregue
1961,105,2023-01-04,Enviado
1962,90,2023-05-01,Enviado
1963,179,2024-04-19,Entregue
1964,47,2023-03-30,Enviado
1965,161,2023-01-11,Entregue
1966,118,2023-09-10,Em processamento
1967,165,2023-05-16,Entregue
1968,181,2023-10-21,Entregue
1969,145,2023-11-20,Entregue
1970,70,2023-07-24,Entregue
1971,67,2024-12-15,Entregue
1972,126,2023-12-30,Entregue
1973,165,2024-06-19,Enviado
1974,176,2023-06-24,Enviado
1975,99,2024-03-20,Em processamento
1976,74,2023-08-01,Entregue
1977,142,2023-10-03,Cancelado
1978,54,2023-09-22,Entregue
1979,9,2024-10-08,Entregue
1980,120,2024-08-23,Enviado
1981,97,2024-11-05,Entregue
1982,83,2024-12-19,Entregue
1983,3,2023-06-12,Entregue
1984,87,2023-11-10,Entregue
1985,48,2023-01-23,Enviado
1986,117,2024-09-07,Em processamento
1987,103,2023-11-04,Entregue
1988,130,2023-04-21,Cancelado
1989,69,2024-08-14,Entregue
1990,42,2024-06-08,Entregue
1991,153,2023-11-13,Cancelado
1992,37,2023-12-21,Entregue
1993,118,2023-11-05,Entregue
1994,61,2023-07-28,Cancelado
1995,63,2024-01-19,Entregue
1996,89,2024-12-04,Entregue
1997,121,2024-11-15,Entregue
1998,181,2023-04-09,Entregue
1999,35,2024-06-30,Entregue
2000,172,2024-08-23,Enviado
2001,46,2023-08-29,Entregue
2002,129,2024-10-23,Entregue
2003,49,2023-02-15,Entregue
2004,24,2023-12-14,Entregue
2005,109,2023-06-04,Entregue
2006,173,2024-05-07,Entregue
2007,46,2023-06-17,Entregue
2008,28,2023-12-21,Entregue
2009,168,2023-01-13,Entregue
2010,148,2024-06-03,Entregue
2011,3,2024-11-17,Cancelado
2012,14,2023-11-07,Cancelado
2013,163,2024-03-10,Entregue
2014,99,2024-11-21,Entregue
2015,87,2024-12-25,Entregue
2016,132,2024-04-10,Entregue
2017,73,2023-02-10,Entregue
2018,118,2024-01-11,Enviado
2019,176,2024-01-14,Entregue
2020,173,2023-07-03,Entregue
2021,5,2024-04-02,Enviado
2022,10,2024-09-02,Cancelado
2023,10,2023-09-12,Entregue
2024,25,2023-10-09,Entregue
2025,177,2024-09-24,Cancelado
2026,135,2023-03-20,Entregue
2027,38,2023-04-14,Cancelado
2028,21,2023-11-06,Entregue
2029,48,2023-11-07,Entregue
2030,63,2024-03-23,Em processamento
2031,48,2023-10-07,Entregue
2032,5,2023-10-09,Enviado
2033,163,2023-11-22,Entregue
2034,5,2024-12-27,Entregue
2035,157,2024-08-25,Enviado
2036,85,2024-07-08,Enviado
2037,4,2023-12-18,Entregue
2038,114,2024-05-25,Em processamento
2039,44,2024-11-20,Entregue
2040,9,2024-11-07,Entregue
2041,162,2024-05-13,Entregue
2042,22,2024-06-26,Entregue
2043,81,2023-01-31,Enviado
2044,43,2024-10-01,Entregue
2045,107,2023-05-15,Entregue
2046,25,2024-02-10,Entregue
2047,147,2023-10-24,Entregue
2048,103,2024-07-17,Cancelado
2049,56,2023-10-13,Entregue
2050,162,2024-10-13,Entregue
2051,137,2024-02-06,Entregue
2052,127,2024-04-20,Entregue
2053,41,2023-07-01,Entregue
2054,137,2024-11-02,Entregue
2055,99,2024-03-04,Enviado
2056,8,2024-09-25,Enviado
2057,159,2023-11-29,Entregue
2058,146,2024-10-31,Entregue
2059,50,2023-09-03,Em processamento
2060,52,2023-11-27,Entregue
2061,8,2024-04-15,Enviado
2062,114,2023-06-13,Cancelado
2063,18,2024-11-29,Entregue
2064,121,2024-01-30,Entregue
2065,67,2024-07-04,Cancelado
2066,156,2023-01-25,Cancelado
2067,16,2023-02-10,Em processamento
2068,131,2023-04-17,Entregue
2069,149,2024-01-11,Entregue
2070,37,2023-08-04,Entregue
2071,165,2024-12-11,Em processamento
2072,126,2023-12-17,Entregue
2073,85,2024-08-04,Entregue
2074,36,2023-01-27,Entregue
2075,145,2023-11-11,Entregue
2076,146,2024-10-11,Em processamento
2077,113,2024-11-20,Cancelado
2078,178,2023-05-12,Entregue
2079,99,2024-08-20,Enviado
2080,4,2023-09-23,Entregue
2081,133,2024-10-21,Entregue
2082,81,2024-06-19,Entregue
2083,166,2024-05-08,Entregue
2084,4,2024-11-15,Entregue
2085,58,2023-11-13,Entregue
2086,72,2024-06-20,Entregue
2087,52,2023-12-04,Entregue
2088,142,2023-02-27,Entregue
2089,64,2023-09-08,Cancelado
2090,47,2023-09-08,Em processamento
2091,117,2023-07-01,Enviado
2092,69,2024-07-19,Cancelado
2093,49,2023-05-16,Entregue
2094,54,2023-08-22,Cancelado
2095,149,2024-05-03,Entregue
2096,14,2023-11-23,Entregue
2097,51,2024-05-04,Entregue
2098,122,2023-07-22,Enviado
2099,56,2024-08-05,Entregue
2100,29,2024-09-07,Entregue
2101,127,2024-10-08,Entregue
2102,124,2024-06-10,Em processamento
2103,77,2023-09-12,Em processamento
2104,144,2024-05-30,Entregue
2105,29,2023-11-23,Entregue
2106,121,2024-05-22,Entregue
2107,111,2024-11-20,Entregue
2108,88,2023-07-07,Entregue
2109,60,2023-08-07,Entregue
2110,82,2024-12-02,Enviado
2111,54,2023-11-28,Cancelado
2112,102,2023-11-30,Entregue
2113,168,2023-10-03,Entregue
2114,121,2023-11-07,Entregue
2115,86,2023-11-19,Entregue
2116,145,2024-02-18,Entregue
2117,91,2023-07-27,Em processamento
2118,66,2023-01-25,Entregue
2119,84,2023-10-08,Entregue
2120,42,2023-11-30,Cancelado
2121,152,2024-12-24,Entregue
2122,156,2024-08-23,Entregue
2123,15,2024-10-16,Entregue
2124,95,2023-03-17,Cancelado
2125,106,2024-08-26,Entregue
2126,144,2023-04-01,Entregue
2127,147,2024-12-17,Em processamento
2128,81,2023-08-08,Entregue
2129,59,2024-04-16,Entregue
2130,174,2024-12-21,Enviado
2131,6,2023-05-24,Entregue
2132,110,2024-06-08,Enviado
2133,112,2024-05-18,Entregue
2134,163,2024-08-01,Enviado
2135,29,2024-06-28,Entregue
2136,23,2024-12-01,Entregue
2137,120,2023-03-16,Enviado
2138,87,2024-02-04,Entregue
2139,3,2023-08-19,Entregue
2140,67,2023-12-01,Em processamento
2141,171,2024-08-13,Cancelado
2142,38,2023-07-31,Entregue
2143,7,2024-07-07,Entregue
2144,84,2023-11-19,Em processamento
2145,54,2023-07-26,Entregue
2146,70,2023-01-28,Entregue
2147,32,2024-01-20,Cancelado
2148,54,2024-01-25,Entregue
2149,103,2023-07-23,Entregue
2150,152,2023-05-08,Entregue
2151,130,2023-05-05,Entregue
2152,31,2023-11-21,Entregue
2153,24,2024-06-03,Entregue
2154,131,2023-01-17,Entregue
2155,103,2023-04-13,Entregue
2156,17,2024-10-29,Em processamento
2157,22,2023-11-28,Entregue
2158,46,2024-08-01,Entregue
2159,40,2023-02-09,Entregue
2160,170,2023-10-28,Entregue
2161,41,2024-03-05,Entregue
2162,39,2024-11-15,Entregue
2163,42,2023-11-10,Entregue
2164,68,2024-09-28,Entregue
2165,85,2023-06-23,Entregue
2166,26,2023-01-16,Entregue
2167,24,2024-07-03,Enviado
2168,164,2023-01-01,Entregue
2169,66,2023-05-12,Entregue
2170,94,2024-08-07,Entregue
2171,132,2023-05-27,Entregue
2172,25,2024-02-18,Enviado
2173,27,2023-09-13,Entregue
2174,169,2023-11-05,Entregue
2175,172,2023-05-15,Entregue
2176,170,2023-05-29,Entregue
2177,99,2024-10-09,Entregue
2178,47,2023-01-15,Entregue
2179,61,2023-06-15,Entregue
2180,147,2024-05-07,Entregue
2181,49,2024-08-14,Entregue
2182,117,2024-09-28,Entregue
2183,31,2023-07-10,Entregue
2184,141,2024-11-15,Cancelado
2185,133,2023-09-27,Entregue
2186,110,2024-10-19,Entregue
2187,33,2023-04-07,Entregue
2188,29,2023-05-04,Entregue
2189,33,2023-12-22,Entregue
2190,142,2024-05-31,Entregue
2191,50,2023-12-29,Cancelado
2192,39,2024-06-21,Entregue
2193,93,2024-07-06,Entregue
2194,43,2024-01-19,Em processamento
2195,43,2024-09-25,Cancelado
2196,184,2024-09-16,Entregue
2197,72,2024-02-15,Entregue
2198,108,2024-05-02,Entregue
2199,185,2023-11-04,Entregue
2200,182,2023-03-10,Entregue
2201,36,2023-05-28,Entregue
2202,63,2024-10-23,Enviado
2203,50,2023-03-14,Entregue
2204,36,2024-02-16,Cancelado
2205,150,2024-11-19,Entregue
2206,37,2024-11-19,Entregue
2207,3,2024-10-14,Entregue
2208,135,2024-11-07,Entregue
2209,139,2024-09-16,Entregue
2210,185,2023-02-11,Entregue
2211,29,2024-08-22,Em processamento
2212,178,2024-01-07,Em processamento
2213,127,2024-03-07,Entregue
2214,72,2023-03-27,Em processamento
2215,125,2024-11-12,Cancelado
2216,182,2024-05-14,Enviado
2217,97,2024-11-14,Enviado
2218,28,2024-08-12,Cancelado
2219,62,2023-02-10,Entregue
2220,118,2023-01-27,Entregue
2221,7,2023-04-12,Entregue
2222,8,2023-09-17,Em processamento
2223,89,2023-09-12,Entregue
2224,84,2024-10-12,Entregue
2225,54,2023-04-02,Enviado
2226,138,2023-08-22,Entregue
2227,26,2023-11-17,Enviado
2228,48,2024-01-27,Em processamento
2229,125,2023-12-26,Entregue
2230,93,2023-11-27,Entregue
2231,149,2023-11-14,Em processamento
2232,165,2024-07-27,Enviado
2233,138,2023-07-02,Em processamento
2234,20,2023-07-23,Em processamento
2235,154,2024-11-10,Entregue
2236,38,2023-12-15,Entregue
2237,35,2024-01-30,Cancelado
2238,76,2023-03-26,Entregue
2239,114,2023-02-11,Entregue
2240,171,2023-10-08,Entregue
2241,178,2023-08-13,Entregue
2242,113,2023-05-29,Entregue
2243,6,2024-03-25,Enviado
2244,146,2023-07-16,Entregue
2245,149,2023-09-27,Entregue
2246,61,2023-11-24,Entregue
2247,178,2023-05-18,Em processamento
2248,64,2024-07-02,Enviado
2249,59,2023-12-23,Em processamento
2250,142,2023-06-25,Entregue
2251,144,2023-06-01,Entregue
2252,17,2024-05-17,Cancelado
2253,35,2024-02-10,Entregue
2254,80,2023-11-08,Enviado
2255,131,2024-02-21,Entregue
2256,175,2024-08-23,Entregue
2257,157,2024-06-26,Entregue
2258,50,2023-12-06,Entregue
2259,147,2023-07-07,Entregue
2260,46,2024-12-25,Entregue
2261,128,2023-04-03,Entregue
2262,52,2023-08-21,Em processamento
2263,163,2023-03-25,Cancelado
2264,25,2024-06-20,Enviado
2265,16,2024-07-24,Entregue
2266,25,2023-06-22,Entregue
2267,4,2023-01-05,Entregue
2268,8,2024-05-25,Entregue
2269,89,2024-08-10,Entregue
2270,181,2024-03-31,Entregue
2271,138,2023-11-16,Entregue
2272,90,2024-11-30,Entregue
2273,43,2024-09-09,Enviado
2274,87,2024-11-15,Entregue
2275,64,2024-01-10,Entregue
2276,49,2024-02-18,Entregue
2277,123,2024-11-06,Enviado
2278,26,2024-06-16,Em processamento
2279,83,2024-12-20,Entregue
2280,140,2024-10-20,Entregue
2281,35,2024-03-12,Entregue
2282,22,2024-05-17,Entregue
2283,83,2024-02-03,Cancelado
2284,74,2024-12-01,Entregue
2285,11,2023-11-11,Cancelado
2286,147,2024-07-09,Entregue
2287,13,2024-07-01,Entregue
2288,99,2023-07-12,Entregue
2289,14,2024-11-28,Entregue
2290,26,2024-05-22,Enviado
2291,157,2023-01-16,Entregue
2292,53,2024-12-06,Entregue
2293,2,2024-02-16,Entregue
2294,154,2024-10-03,Em processamento
2295,70,2024-01-22,Entregue
2296,125,2024-04-04,Em processamento
2297,58,2023-04-29,Entregue
2298,18,2024-12-12,Entregue
2299,74,2023-09-25,Entregue
2300,102,2023-07-25,Entregue
2301,121,2024-05-05,Entregue
2302,10,2024-02-02,Cancelado
2303,178,2023-03-11,Enviado
2304,95,2023-11-22,Entregue
2305,146,2023-12-25,Em processamento
2306,15,2024-02-05,Entregue
2307,130,2023-03-07,Enviado
2308,50,2023-12-10,Entregue
2309,7,2024-03-27,Entregue
2310,155,2024-06-25,Entregue
2311,37,2023-02-28,Entregue
2312,105,2023-11-26,Entregue
2313,27,2024-12-01,Entregue
2314,1,2024-07-30,Entregue
2315,146,2024-10-05,Entregue
2316,19,2024-10-22,Em processamento
2317,158,2024-02-01,Cancelado
2318,61,2024-11-30,Entregue
2319,89,2023-06-06,Entregue
2320,58,2023-05-28,Cancelado
2321,45,2023-06-14,Entregue
2322,111,2023-11-04,Entregue
2323,106,2023-12-28,Entregue
2324,108,2024-04-08,Entregue
2325,119,2024-01-08,Em processamento
2326,103,2023-07-30,Em processamento
2327,49,2024-08-05,Cancelado
2328,169,2024-09-25,Entregue
2329,141,2024-02-23,Entregue
2330,55,2024-02-07,Entregue
2331,139,2024-10-29,Cancelado
2332,160,2024-02-27,Entregue
2333,87,2024-11-06,Entregue
2334,111,2023-06-26,Cancelado
2335,175,2024-10-18,Entregue
2336,39,2024-02-26,Entregue
2337,34,2024-05-13,Cancelado
2338,157,2023-03-08,Entregue
2339,14,2023-11-17,Entregue
2340,52,2023-11-11,Entregue
2341,160,2023-11-20,Entregue
2342,122,2023-12-13,Entregue
2343,78,2023-06-05,Entregue
2344,137,2024-09-25,Enviado
2345,142,2024-11-10,Entregue
2346,25,2023-02-10,Entregue
2347,122,2024-05-18,Em processamento
2348,146,2023-03-12,Enviado
2349,77,2024-11-24,Entregue
2350,29,2024-11-15,Enviado
2351,83,2023-03-27,Entregue
2352,5,2023-01-25,Entregue
2353,82,2023-06-20,Entregue
2354,180,2023-11-10,Entregue
2355,87,2023-02-11,Cancelado
2356,169,2023-12-07,Entregue
2357,160,2023-01-20,Entregue
2358,121,2024-01-25,Em processamento
2359,173,2023-12-10,Entregue
2360,109,2024-05-15,Entregue
2361,116,2024-11-18,Em processamento
2362,82,2023-04-20,Entregue
2363,96,2023-03-08,Entregue
2364,23,2023-03-19,Entregue
2365,88,2024-09-24,Enviado
2366,161,2023-03-25,Entregue
2367,24,2023-04-04,Em processamento
2368,60,2023-08-04,Entregue
2369,100,2023-11-25,Entregue
2370,122,2024-11-23,Entregue
2371,114,2023-03-23,Entregue
2372,68,2024-12-17,Cancelado
2373,20,2023-07-12,Entregue
2374,59,2023-06-16,Enviado
2375,76,2024-09-07,Enviado
2376,74,2023-08-12,Entregue
2377,62,2024-06-27,Em processamento
2378,65,2023-03-08,Entregue
2379,89,2024-03-16,Cancelado
2380,184,2024-04-01,Cancelado
2381,173,2023-04-01,Cancelado
2382,93,2024-12-15,Em processamento
2383,17,2024-08-05,Entregue
2384,116,2024-05-06,Entregue
2385,126,2023-11-17,Cancelado
2386,49,2024-04-17,Entregue
2387,119,2024-04-20,Entregue
2388,99,2024-10-09,Entregue
2389,4,2024-11-08,Entregue
2390,152,2023-07-08,Entregue
2391,101,2024-04-28,Entregue
2392,51,2023-06-12,Enviado
2393,72,2023-08-22,Enviado
2394,186,2024-05-26,Entregue
2395,125,2024-11-12,Entregue
2396,18,2023-11-28,Enviado
2397,75,2023-05-25,Entregue
2398,56,2023-11-12,Entregue
2399,162,2023-11-15,Entregue
2400,157,2024-06-26,Cancelado
2401,96,2024-04-29,Entregue
2402,95,2024-03-03,Entregue
2403,177,2023-11-17,Entregue
2404,72,2024-07-22,Entregue
2405,179,2023-11-26,Enviado
2406,59,2024-12-26,Entregue
2407,64,2024-05-15,Entregue
2408,81,2024-09-30,Entregue
2409,126,2023-09-30,Entregue
2410,50,2023-12-02,Enviado
2411,124,2024-07-29,Entregue
2412,82,2024-10-23,Enviado
2413,155,2023-05-04,Entregue
2414,50,2023-10-17,Entregue
2415,109,2023-01-12,Entregue
2416,37,2023-10-31,Em processamento
2417,165,2024-03-07,Entregue
2418,38,2024-07-22,Entregue
2419,81,2024-04-11,Em processamento
2420,156,2024-04-09,Enviado
2421,33,2023-11-27,Entregue
2422,14,2023-12-01,Entregue
2423,37,2023-11-19,Entregue
2424,141,2024-10-23,Entregue
2425,84,2023-11-28,Enviado
2426,11,2024-06-07,Em processamento
2427,183,2023-05-16,Entregue
2428,36,2023-06-05,Entregue
2429,183,2023-08-29,Entregue
2430,92,2023-12-13,Entregue
2431,18,2024-05-19,Entregue
2432,135,2023-08-01,Entregue
2433,67,2023-08-21,Em processamento
2434,175,2024-07-25,Em processamento
2435,179,2023-02-13,Entregue
2436,40,2023-05-21,Entregue
2437,100,2024-11-16,Entregue
2438,141,2023-03-11,Enviado
2439,10,2023-08-02,Entregue
2440,2,2023-12-24,Enviado
2441,95,2023-06-18,Entregue
2442,138,2024-09-29,Enviado
2443,96,2024-06-07,Entregue
2444,156,2023-09-20,Entregue
2445,67,2024-02-07,Entregue
2446,116,2023-01-30,Em processamento
2447,172,2023-07-29,Entregue
2448,100,2023-07-30,Enviado
2449,77,2024-12-07,Enviado
2450,78,2023-09-16,Entregue
2451,80,2023-01-13,Entregue
2452,86,2024-05-18,Enviado
2453,74,2024-11-14,Entregue
2454,20,2024-09-23,Entregue
2455,8,2024-09-26,Entregue
2456,71,2023-01-01,Entregue
2457,146,2023-06-13,Entregue
2458,56,2024-10-23,Entregue
2459,96,2023-03-19,Em processamento
2460,6,2023-11-01,Entregue
2461,78,2023-05-26,Entregue
2462,31,2024-11-29,Entregue
2463,45,2023-01-15,Cancelado
2464,61,2023-10-07,Em processamento
2465,145,2024-05-06,Em processamento
2466,40,2023-08-09,Em processamento
2467,97,2023-01-31,Entregue
2468,120,2024-02-27,Entregue
2469,148,2024-05-05,Entregue
2470,7,2024-11-18,Entregue
2471,61,2024-12-07,Entregue
2472,167,2024-12-20,Entregue
2473,184,2023-02-18,Entregue
2474,154,2024-07-07,Cancelado
2475,164,2023-12-22,Enviado
2476,103,2024-02-22,Entregue
2477,23,2024-09-08,Entregue
2478,86,2024-11-27,Entregue
2479,88,2024-10-02,Entregue
2480,139,2024-08-10,Entregue
2481,178,2024-02-10,Entregue
2482,29,2024-05-28,Entregue
2483,27,2024-08-12,Enviado
2484,171,2024-12-01,Entregue
2485,126,2023-04-30,Entregue
2486,141,2024-02-07,Entregue
2487,105,2023-04-19,Em processamento
2488,117,2024-05-22,Entregue
2489,178,2023-11-10,Entregue
2490,78,2023-07-15,Entregue
2491,76,2023-05-04,Cancelado
2492,175,2023-03-15,Entregue
2493,31,2024-11-08,Em processamento
2494,153,2023-11-04,Entregue
2495,54,2023-11-08,Enviado
2496,123,2023-12-26,Em processamento
2497,122,2023-04-11,Enviado
2498,159,2024-12-02,Entregue
2499,98,2024-07-10,Entregue
2500,186,2024-04-10,Entregue
2501,62,2023-02-05,Enviado
2502,181,2024-04-07,Entregue
2503,25,2024-03-31,Entregue
2504,119,2023-02-19,Entregue
2505,179,2024-04-07,Entregue
2506,11,2024-03-12,Entregue
2507,20,2023-09-13,Cancelado
2508,168,2023-02-14,Entregue
2509,88,2024-11-30,Entregue
2510,59,2024-12-31,Em processamento
2511,30,2023-04-14,Entregue
2512,155,2024-07-30,Entregue
2513,94,2024-12-16,Em processamento
2514,135,2024-12-11,Entregue
2515,28,2023-10-13,Em processamento
2516,109,2023-03-10,Entregue
2517,171,2023-05-21,Entregue
2518,23,2024-08-07,Entregue
2519,115,2024-11-06,Entregue
2520,143,2024-11-03,Entregue
2521,30,2024-07-27,Entregue
2522,38,2023-11-04,Em processamento
2523,101,2023-01-12,Entregue
2524,4,2023-01-10,Entregue
2525,82,2023-08-07,Entregue
2526,123,2024-05-05,Entregue
2527,100,2023-03-14,Entregue
2528,131,2024-01-06,Entregue
2529,68,2024-02-21,Entregue
2530,11,2023-11-25,Entregue
2531,50,2024-11-18,Entregue
2532,101,2023-05-11,Entregue
2533,105,2024-10-12,Enviado
2534,134,2023-03-18,Entregue
2535,107,2023-02-10,Entregue
2536,72,2023-12-16,Entregue
2537,155,2024-12-05,Enviado
2538,175,2024-08-10,Entregue
2539,24,2024-12-09,Entregue
2540,137,2023-03-06,Entregue
2541,70,2023-08-22,Entregue
2542,62,2024-08-02,Entregue
2543,50,2023-12-10,Entregue
2544,72,2024-11-16,Cancelado
2545,157,2024-12-05,Em processamento
2546,176,2024-07-20,Entregue
2547,149,2024-06-16,Cancelado
2548,186,2024-05-23,Entregue
2549,124,2023-05-30,Entregue
2550,65,2023-01-04,Entregue
2551,127,2024-03-06,Entregue
2552,110,2024-09-01,Entregue
2553,100,2023-11-17,Entregue
2554,32,2023-02-25,Entregue
2555,72,2023-10-02,Entregue
2556,176,2024-03-09,Em processamento
2557,146,2023-03-03,Entregue
2558,160,2023-10-11,Entregue
2559,60,2024-07-19,Entregue
2560,39,2023-11-21,Entregue
2561,99,2023-05-08,Entregue
2562,64,2024-02-21,Entregue
2563,157,2023-08-14,Entregue
2564,62,2024-11-18,Enviado
2565,154,2024-01-31,Entregue
2566,26,2023-03-25,Entregue
2567,114,2024-01-25,Cancelado
2568,70,2024-05-18,Entregue
2569,88,2023-11-26,Entregue
2570,158,2024-09-13,Entregue
2571,181,2024-12-16,Entregue
2572,104,2023-08-01,Entregue
2573,104,2023-10-08,Entregue
2574,60,2023-03-08,Entregue
2575,100,2024-08-08,Entregue
2576,6,2024-05-17,Entregue
2577,109,2023-04-02,Entregue
2578,59,2023-10-03,Entregue
2579,123,2023-06-11,Enviado
2580,166,2024-01-26,Cancelado
2581,59,2023-06-12,Em processamento
2582,142,2023-02-21,Entregue
2583,66,2024-04-08,Entregue
2584,112,2023-07-10,Entregue
2585,43,2024-06-17,Entregue
2586,159,2023-06-30,Entregue
2587,109,2023-06-21,Entregue
2588,155,2024-12-30,Cancelado
2589,26,2023-07-11,Entregue
2590,3,2023-11-30,Cancelado
2591,70,2024-05-27,Entregue
2592,101,2023-05-19,Entregue
2593,40,2023-05-16,Enviado
2594,95,2024-04-18,Entregue
2595,182,2023-02-13,Entregue
2596,35,2023-01-01,Entregue
2597,126,2024-11-24,Enviado
2598,139,2024-06-16,Enviado
2599,148,2024-05-26,Entregue
2600,53,2024-02-27,Entregue
2601,96,2023-01-25,Entregue
2602,5,2023-08-09,Enviado
2603,38,2023-11-06,Entregue
2604,5,2024-04-19,Entregue
2605,63,2023-04-14,Entregue
2606,90,2024-05-05,Entregue
2607,91,2023-12-06,Entregue
2608,43,2024-07-29,Entregue
2609,131,2024-01-16,Entregue
2610,86,2024-09-28,Entregue
2611,14,2024-08-02,Entregue
2612,18,2024-01-22,Em processamento
2613,113,2024-10-12,Entregue
2614,51,2023-10-10,Entregue
2615,12,2023-11-07,Entregue
2616,50,2023-06-05,Enviado
2617,66,2023-08-04,Entregue
2618,42,2023-02-08,Entregue
2619,17,2024-05-20,Em processamento
2620,118,2023-12-17,Entregue
2621,121,2023-12-05,Entregue
2622,135,2023-09-09,Entregue
2623,112,2024-05-09,Entregue
2624,77,2024-02-19,Enviado
2625,77,2023-09-21,Entregue
2626,143,2024-12-15,Entregue
2627,106,2024-02-14,Entregue
2628,77,2023-03-25,Enviado
2629,124,2024-11-09,Entregue
2630,15,2024-03-22,Entregue
2631,40,2023-02-01,Entregue
2632,31,2023-11-12,Entregue
2633,102,2024-08-25,Entregue
2634,61,2023-10-21,Entregue
2635,87,2024-08-30,Entregue
2636,26,2023-03-26,Cancelado
2637,3,2024-12-15,Entregue
2638,1,2024-04-27,Entregue
2639,75,2024-12-17,Enviado
2640,23,2023-02-11,Entregue
2641,85,2023-04-13,Enviado
2642,22,2024-05-17,Enviado
2643,75,2023-10-19,Entregue
2644,156,2023-09-24,Cancelado
2645,180,2024-06-11,Enviado
2646,58,2024-12-06,Entregue
2647,87,2024-11-11,Entregue
2648,116,2023-11-10,Em processamento
2649,103,2023-11-13,Entregue
2650,62,2024-04-17,Entregue
2651,10,2023-03-23,Entregue
2652,38,2023-05-10,Entregue
2653,73,2023-12-07,Enviado
2654,62,2024-05-08,Entregue
2655,165,2024-11-15,Enviado
2656,151,2023-11-06,Entregue
2657,122,2024-11-02,Entregue
2658,101,2023-07-16,Entregue
2659,9,2023-09-16,Entregue
2660,119,2024-11-05,Em processamento
2661,83,2024-04-05,Entregue
2662,182,2023-07-08,Entregue
2663,65,2024-03-01,Entregue
2664,38,2024-03-03,Entregue
2665,162,2024-09-21,Entregue
2666,27,2024-05-28,Entregue
2667,86,2024-11-27,Cancelado
2668,130,2023-07-21,Cancelado
2669,11,2024-04-12,Entregue
2670,5,2023-11-19,Entregue
2671,116,2023-09-29,Em processamento
2672,10,2024-08-16,Entregue
2673,2,2024-06-27,Entregue
2674,116,2023-09-02,Entregue
2675,13,2024-09-06,Em processamento
2676,14,2024-07-19,Entregue
2677,61,2023-12-03,Em processamento
2678,52,2023-03-23,Entregue
2679,123,2023-01-22,Cancelado
2680,67,2024-11-18,Entregue
2681,110,2024-01-06,Entregue
2682,80,2024-10-16,Entregue
2683,32,2023-12-12,Cancelado
2684,137,2023-12-28,Entregue
2685,140,2023-06-16,Entregue
2686,134,2024-12-07,Entregue
2687,162,2023-12-26,Entregue
2688,111,2024-02-17,Entregue
2689,159,2024-05-21,Entregue
2690,100,2023-11-26,Entregue
2691,11,2023-02-07,Entregue
2692,147,2023-12-30,Em processamento
2693,96,2024-10-26,Cancelado
2694,2,2023-11-19,Entregue
2695,35,2024-08-30,Entregue
2696,142,2023-12-15,Entregue
2697,164,2023-11-21,Entregue
2698,109,2023-10-28,Entregue
2699,15,2023-11-04,Entregue
2700,179,2023-06-06,Entregue
2701,20,2024-06-27,Entregue
2702,79,2023-11-04,Entregue
2703,73,2023-12-02,Entregue
2704,36,2023-04-13,Entregue
2705,68,2023-12-08,Entregue
2706,47,2024-08-13,Entregue
2707,60,2023-02-20,Cancelado
2708,141,2024-12-08,Enviado
2709,169,2023-11-01,Entregue
2710,11,2023-11-16,Entregue
2711,24,2024-11-04,Cancelado
2712,14,2023-05-21,Enviado
2713,2,2024-01-05,Entregue
2714,68,2023-09-11,Entregue
2715,48,2024-04-26,Em processamento
2716,33,2024-11-29,Entregue
2717,2,2024-11-28,Entregue
2718,148,2023-09-01,Entregue
2719,157,2024-11-13,Entregue
2720,75,2023-12-19,Enviado
2721,106,2024-08-15,Entregue
2722,158,2024-05-24,Entregue
2723,104,2024-08-27,Entregue
2724,177,2023-05-12,Em processamento
2725,149,2023-09-12,Entregue
2726,60,2024-08-11,Entregue
2727,184,2023-01-15,Entregue
2728,53,2024-04-02,Cancelado
2729,166,2023-11-29,Entregue
2730,169,2024-10-12,Entregue
2731,91,2024-11-09,Entregue
2732,71,2024-03-23,Entregue
2733,111,2024-04-19,Entregue
2734,118,2024-06-20,Entregue
2735,29,2023-10-22,Entregue
2736,46,2024-06-26,Entregue
2737,90,2023-11-07,Entregue
2738,52,2023-10-04,Entregue
2739,113,2023-05-17,Entregue
2740,166,2024-05-12,Enviado
2741,131,2023-04-23,Entregue
2742,134,2024-02-18,Enviado
2743,28,2024-11-15,Enviado
2744,148,2024-06-25,Entregue
2745,84,2023-07-11,Entregue
2746,185,2024-03-11,Entregue
2747,151,2024-11-16,Enviado
2748,145,2024-07-31,Entregue
2749,121,2024-10-01,Entregue
2750,84,2024-05-19,Enviado
2751,5,2024-12-07,Enviado
2752,36,2023-08-25,Entregue
2753,53,2024-04-23,Cancelado
2754,19,2024-07-15,Entregue
2755,57,2023-08-08,Entregue
2756,10,2023-09-20,Enviado
2757,105,2023-04-06,Entregue
2758,157,2023-05-02,Entregue
2759,154,2023-09-04,Em processamento
2760,71,2024-07-08,Cancelado
2761,179,2023-12-05,Entregue
2762,150,2023-10-12,Em processamento
2763,90,2024-11-14,Entregue
2764,41,2023-07-03,Entregue
2765,51,2023-05-16,Entregue
2766,170,2024-04-05,Entregue
2767,9,2023-07-29,Cancelado
2768,77,2024-12-04,Em processamento
2769,17,2023-01-08,Entregue
2770,137,2024-03-06,Cancelado
2771,41,2023-08-05,Entregue
2772,28,2024-03-21,Entregue
2773,69,2024-12-31,Enviado
2774,174,2024-04-08,Enviado
2775,137,2024-11-07,Entregue
2776,109,2024-03-31,Entregue
2777,156,2023-01-21,Entregue
2778,97,2024-06-30,Entregue
2779,144,2024-05-05,Em processamento
2780,149,2023-05-19,Entregue
2781,138,2023-03-27,Entregue
2782,135,2024-07-04,Entregue
2783,86,2024-07-16,Entregue
2784,12,2023-07-30,Entregue
2785,179,2024-10-13,Entregue
2786,160,2024-03-28,Cancelado
2787,163,2024-07-13,Cancelado
2788,83,2024-04-16,Entregue
2789,87,2023-01-31,Entregue
2790,7,2024-11-11,Cancelado
2791,8,2023-03-27,Cancelado
2792,164,2024-08-22,Em processamento
2793,49,2023-04-11,Entregue
2794,166,2024-01-16,Enviado
2795,155,2023-12-28,Em processamento
2796,30,2023-10-27,Entregue
2797,140,2023-03-20,Cancelado
2798,74,2023-02-13,Entregue
2799,11,2024-06-03,Entregue
2800,12,2024-09-05,Em processamento
2801,67,2023-09-09,Enviado
2802,88,2023-04-01,Entregue
2803,71,2024-06-26,Entregue
2804,145,2023-05-06,Entregue
2805,69,2024-06-07,Entregue
2806,95,2024-11-08,Entregue
2807,44,2024-08-13,Entregue
2808,142,2023-02-24,Entregue
2809,106,2024-06-22,Entregue
2810,33,2023-03-08,Entregue
2811,32,2024-02-06,Entregue
2812,32,2023-01-06,Cancelado
2813,67,2024-10-21,Entregue
2814,128,2023-03-07,Entregue
2815,40,2024-11-20,Em processamento
2816,103,2023-11-11,Entregue
2817,6,2023-05-14,Cancelado
2818,136,2024-03-17,Entregue
2819,65,2024-10-08,Entregue
2820,96,2023-02-13,Entregue
2821,185,2024-11-22,Entregue
2822,175,2023-07-11,Cancelado
2823,6,2024-11-15,Entregue
2824,79,2023-04-22,Enviado
2825,179,2024-05-27,Entregue
2826,85,2023-05-18,Em processamento
2827,16,2024-11-20,Entregue
2828,75,2024-12-04,Entregue
2829,62,2023-12-30,Entregue
2830,66,2024-08-24,Em processamento
2831,32,2023-04-03,Enviado
2832,117,2023-05-07,Enviado
2833,51,2024-05-19,Entregue
2834,165,2023-11-27,Entregue
2835,105,2023-04-08,Entregue
2836,129,2023-12-09,Cancelado
2837,107,2023-01-14,Entregue
2838,86,2024-05-24,Entregue
2839,153,2024-02-06,Entregue
2840,35,2023-03-01,Enviado
2841,19,2023-10-21,Entregue
2842,58,2023-08-25,Entregue
2843,88,2024-02-22,Cancelado
2844,41,2024-06-01,Entregue
2845,116,2023-10-09,Entregue
2846,20,2023-04-05,Entregue
2847,179,2023-10-29,Entregue
2848,105,2024-10-07,Entregue
2849,61,2024-03-14,Cancelado
2850,12,2023-02-26,Entregue
2851,53,2024-01-05,Enviado
2852,23,2023-01-28,Em processamento
2853,117,2023-03-16,Cancelado
2854,55,2023-08-12,Entregue
2855,92,2024-05-11,Enviado
2856,165,2023-02-11,Entregue
2857,142,2023-12-17,Entregue
2858,171,2024-06-25,Entregue
2859,55,2023-02-24,Entregue
2860,116,2024-12-08,Enviado
2861,13,2024-06-03,Enviado
2862,149,2024-12-25,Entregue
2863,74,2024-08-10,Entregue
2864,183,2024-12-24,Enviado
2865,108,2024-11-03,Enviado
2866,165,2024-11-23,Entregue
2867,23,2024-06-18,Entregue
2868,94,2024-08-16,Enviado
2869,64,2023-05-31,Entregue
2870,76,2023-11-14,Entregue
2871,45,2023-07-14,Cancelado
2872,58,2024-03-16,Enviado
2873,15,2024-04-29,Enviado
2874,31,2023-11-13,Cancelado
2875,59,2023-11-30,Enviado
2876,93,2024-10-27,Entregue
2877,36,2024-11-04,Cancelado
2878,5,2024-11-10,Entregue
2879,178,2023-12-16,Entregue
2880,104,2023-12-19,Entregue
2881,162,2023-08-10,Entregue
2882,110,2023-11-18,Cancelado
2883,31,2023-10-01,Entregue
2884,62,2023-11-15,Entregue
2885,161,2023-08-18,Em processamento
2886,132,2024-02-03,Entregue
2887,30,2023-03-18,Entregue
2888,157,2023-01-27,Entregue
2889,97,2024-06-24,Em processamento
2890,72,2023-03-24,Enviado
2891,19,2023-11-26,Entregue
2892,46,2024-10-19,Entregue
2893,13,2024-01-13,Entregue
2894,70,2024-03-27,Entregue
2895,101,2023-06-16,Entregue
2896,36,2024-09-02,Entregue
2897,143,2024-09-08,Entregue
2898,68,2023-01-24,Entregue
2899,173,2024-06-30,Entregue
2900,51,2023-07-27,Entregue
2901,34,2023-11-18,Entregue
2902,52,2024-02-15,Entregue
2903,21,2024-04-20,Entregue
2904,174,2023-04-15,Entregue
2905,1,2024-01-24,Cancelado
2906,109,2024-11-16,Entregue
2907,127,2023-12-20,Entregue
2908,56,2024-04-03,Em processamento
2909,140,2023-10-31,Enviado
2910,13,2023-11-27,Entregue
2911,76,2024-06-06,Entregue
2912,111,2023-10-10,Entregue
2913,61,2024-04-07,Entregue
2914,27,2023-03-18,Entregue
2915,42,2024-10-16,Entregue
2916,151,2024-03-05,Entregue
2917,88,2024-12-04,Entregue
2918,110,2024-07-06,Entregue
2919,132,2023-11-23,Entregue
2920,59,2024-12-20,Cancelado
2921,163,2024-03-14,Entregue
2922,117,2024-05-23,Entregue
2923,133,2023-01-16,Entregue
2924,97,2024-07-07,Em processamento
2925,44,2023-07-04,Entregue
2926,84,2024-11-21,Entregue
2927,174,2024-11-06,Cancelado
2928,86,2023-06-28,Enviado
2929,36,2023-12-02,Entregue
2930,153,2023-10-02,Enviado
2931,156,2024-07-08,Entregue
2932,5,2023-06-12,Entregue
2933,85,2024-11-09,Entregue
2934,185,2023-11-02,Entregue
2935,157,2023-10-18,Enviado
2936,140,2024-03-27,Entregue
2937,61,2024-07-11,Entregue
2938,123,2024-11-03,Enviado
2939,116,2023-10-09,Entregue
2940,158,2024-11-10,Entregue
2941,157,2024-07-08,Enviado
2942,148,2023-05-13,Enviado
2943,51,2024-06-28,Entregue
2944,1,2024-11-29,Entregue
2945,95,2024-02-04,Enviado
2946,85,2024-12-03,Entregue
2947,8,2024-11-20,Entregue
2948,139,2023-10-02,Entregue
2949,101,2023-07-20,Enviado
2950,76,2024-11-30,Enviado
2951,69,2023-12-15,Entregue
2952,21,2024-12-01,Entregue
2953,48,2024-05-09,Entregue
2954,100,2023-06-25,Enviado
2955,57,2024-12-12,Entregue
2956,156,2024-12-03,Entregue
2957,130,2024-02-05,Entregue
2958,166,2024-05-16,Entregue
2959,144,2023-11-29,Entregue
2960,125,2024-11-27,Entregue
2961,58,2023-01-08,Enviado
2962,160,2023-02-18,Entregue
2963,134,2024-12-22,Entregue
2964,69,2023-02-08,Entregue
2965,54,2024-02-08,Entregue
2966,76,2024-04-09,Entregue
2967,52,2023-04-20,Entregue
2968,94,2024-06-21,Entregue
2969,115,2023-11-21,Enviado
2970,69,2023-03-31,Entregue
2971,46,2024-04-12,Entregue
2972,32,2024-12-13,Entregue
2973,144,2023-01-07,Entregue
2974,61,2023-12-23,Entregue
2975,85,2024-03-14,Entregue
2976,150,2024-06-02,Cancelado
2977,116,2024-07-05,Entregue
2978,43,2023-05-22,Entregue
2979,131,2024-11-16,Enviado
2980,87,2024-08-25,Entregue
2981,82,2023-10-22,Entregue
2982,78,2023-01-27,Entregue
2983,11,2023-02-13,Entregue
2984,96,2024-10-16,Em processamento
2985,60,2023-11-21,Entregue
2986,83,2023-12-15,Entregue
2987,53,2024-11-29,Entregue
2988,73,2024-01-28,Enviado
2989,184,2024-05-17,Em processamento
2990,57,2024-03-09,Enviado
2991,113,2023-05-13,Entregue
2992,181,2023-10-22,Entregue
2993,135,2023-05-10,Entregue
2994,166,2024-10-01,Entregue
2995,3,2024-03-01,Entregue
2996,53,2024-04-27,Em processamento
2997,23,2024-11-12,Entregue
2998,90,2024-05-06,Entregue
2999,93,2024-05-10,Entregue
3000,147,2023-02-03,Enviado
3001,24,2024-11-16,Entregue
3002,169,2024-07-21,Entregue
3003,101,2023-06-29,Em processamento
3004,56,2023-07-23,Em processamento
3005,56,2023-01-30,Entregue
3006,40,2024-09-21,Entregue
3007,44,2023-12-01,Enviado
3008,20,2024-10-17,Enviado
3009,141,2023-05-28,Entregue
3010,84,2024-10-30,Entregue
3011,148,2024-07-07,Enviado
3012,79,2023-10-01,Entregue
3013,186,2024-05-19,Entregue
3014,75,2024-08-07,Entregue
3015,148,2023-04-30,Entregue
3016,155,2024-08-19,Entregue
3017,147,2023-06-28,Entregue
3018,15,2023-12-06,Enviado
3019,120,2023-04-26,Em processamento
3020,84,2023-05-22,Enviado
3021,133,2023-09-06,Entregue
3022,173,2023-04-11,Entregue
3023,102,2023-06-27,Entregue
3024,68,2024-08-05,Em processamento
3025,54,2024-11-14,Entregue
3026,61,2023-02-11,Entregue
3027,78,2024-10-22,Enviado
3028,147,2023-11-25,Entregue
3029,89,2023-04-06,Entregue
3030,165,2024-08-14,Cancelado
3031,151,2023-12-23,Entregue
3032,78,2024-06-07,Enviado
3033,51,2024-04-26,Em processamento
3034,152,2024-05-26,Entregue
3035,38,2024-02-12,Entregue
3036,39,2023-04-29,Entregue
3037,176,2024-11-07,Entregue
3038,156,2024-11-20,Entregue
3039,98,2024-02-17,Entregue
3040,11,2023-02-02,Cancelado
3041,88,2024-11-08,Entregue
3042,113,2023-09-12,Enviado
3043,55,2023-02-07,Entregue
3044,111,2024-01-25,Entregue
3045,4,2024-11-07,Em processamento
3046,171,2023-11-05,Entregue
3047,39,2023-10-16,Entregue
3048,73,2024-11-30,Entregue
3049,36,2023-05-18,Entregue
3050,97,2023-05-12,Enviado
3051,50,2023-12-25,Entregue
3052,168,2023-01-18,Cancelado
3053,25,2023-05-02,Entregue
3054,109,2024-07-06,Entregue
3055,34,2023-06-09,Entregue
3056,14,2024-03-08,Enviado
3057,42,2024-05-05,Entregue
3058,72,2023-03-03,Enviado
3059,16,2023-03-29,Enviado
3060,6,2024-02-27,Entregue
3061,73,2023-04-20,Entregue
3062,41,2024-12-01,Entregue
3063,57,2024-12-19,Entregue
3064,9,2023-09-13,Entregue
3065,158,2024-10-17,Entregue
3066,79,2024-09-29,Entregue
3067,152,2024-11-24,Entregue
3068,96,2023-10-19,Entregue
3069,64,2023-04-19,Entregue
3070,119,2024-03-20,Entregue
3071,143,2024-06-10,Entregue
3072,7,2023-04-13,Entregue
3073,24,2024-05-15,Entregue
3074,11,2024-07-11,Entregue
3075,172,2024-01-11,Entregue
3076,152,2024-12-22,Entregue
3077,51,2024-06-04,Entregue
3078,27,2023-09-10,Em processamento
3079,59,2023-12-07,Entregue
3080,74,2023-06-29,Entregue
3081,7,2023-07-06,Entregue
3082,174,2023-12-30,Em processamento
3083,110,2024-09-02,Entregue
3084,53,2023-05-04,Entregue
3085,51,2024-11-18,Cancelado
3086,52,2024-09-13,Entregue
3087,66,2023-03-22,Entregue
3088,135,2023-01-20,Entregue
3089,104,2024-02-29,Entregue
3090,85,2023-02-21,Entregue
3091,171,2024-04-23,Entregue
3092,10,2024-07-19,Em processamento
3093,145,2024-08-10,Entregue
3094,171,2024-12-25,Entregue
3095,11,2024-05-28,Enviado
3096,77,2024-10-16,Entregue
3097,51,2024-12-02,Entregue
3098,98,2023-10-27,Entregue
3099,26,2023-06-02,Entregue
3100,13,2024-05-11,Entregue
3101,64,2023-11-27,Entregue
3102,177,2024-09-01,Enviado
3103,30,2024-09-17,Entregue
3104,18,2023-09-28,Entregue
3105,170,2023-05-23,Entregue
3106,14,2023-04-19,Entregue
3107,41,2024-11-07,Entregue
3108,162,2024-11-07,Entregue
3109,140,2023-03-27,Em processamento
3110,180,2024-08-21,Entregue
3111,29,2024-11-08,Entregue
3112,140,2023-11-08,Entregue
3113,31,2023-12-31,Cancelado
3114,60,2024-06-03,Entregue
3115,139,2023-06-26,Entregue
3116,67,2024-07-07,Entregue
3117,82,2023-11-03,Entregue
3118,166,2024-11-15,Entregue
3119,131,2024-08-27,Entregue
3120,154,2024-11-17,Entregue
3121,39,2024-11-17,Entregue
3122,171,2024-10-12,Entregue
3123,151,2023-12-30,Entregue
3124,67,2024-03-09,Entregue
3125,12,2024-10-19,Entregue
3126,73,2024-11-21,Em processamento
3127,142,2024-07-25,Cancelado
3128,97,2023-12-29,Entregue
3129,149,2024-11-05,Entregue
3130,47,2024-12-19,Enviado
3131,97,2024-03-15,Entregue
3132,131,2023-11-16,Entregue
3133,3,2023-04-15,Entregue
3134,92,2024-10-07,Entregue
3135,140,2023-05-09,Enviado
3136,57,2024-03-22,Entregue
3137,102,2024-05-06,Cancelado
3138,135,2023-03-11,Enviado
3139,17,2023-04-02,Entregue
3140,29,2023-09-12,Cancelado
3141,154,2023-04-21,Entregue
3142,185,2023-12-16,Entregue
3143,12,2023-09-18,Entregue
3144,25,2024-02-15,Em processamento
3145,6,2023-06-19,Entregue
3146,78,2024-05-22,Entregue
3147,158,2023-04-10,Em processamento
3148,9,2023-10-08,Enviado
3149,107,2024-08-31,Entregue
3150,147,2023-05-29,Entregue
3151,114,2023-10-05,Entregue
3152,58,2023-12-01,Entregue
3153,161,2024-07-13,Em processamento
3154,138,2024-08-18,Enviado
3155,141,2024-03-26,Entregue
3156,98,2024-08-03,Entregue
3157,84,2023-12-15,Entregue
3158,169,2023-02-20,Enviado
3159,35,2023-02-15,Entregue
3160,30,2023-03-05,Enviado
3161,138,2023-08-01,Entregue
3162,106,2024-12-27,Entregue
3163,132,2024-08-16,Entregue
3164,154,2023-02-27,Entregue
3165,13,2023-05-20,Enviado
3166,65,2023-07-03,Entregue
3167,97,2024-11-29,Cancelado
3168,143,2024-09-20,Entregue
3169,106,2023-02-21,Entregue
3170,68,2023-06-15,Entregue
3171,81,2023-12-15,Entregue
3172,147,2023-11-12,Entregue
3173,50,2023-01-30,Entregue
3174,95,2024-10-10,Entregue
3175,87,2024-12-18,Entregue
3176,102,2024-10-09,Enviado
3177,89,2024-11-22,Entregue
3178,31,2023-06-29,Entregue
3179,116,2024-04-30,Entregue
3180,81,2024-09-19,Entregue
3181,27,2023-03-22,Em processamento
3182,26,2023-04-05,Entregue
3183,65,2024-10-16,Entregue
3184,2,2024-07-03,Entregue
3185,151,2024-07-26,Entregue
3186,45,2024-01-02,Entregue
3187,70,2024-04-01,Em processamento
3188,105,2023-03-19,Entregue
3189,43,2023-02-24,Entregue
3190,59,2024-05-05,Entregue
3191,89,2024-12-14,Entregue
3192,137,2024-10-12,Entregue
3193,132,2023-06-29,Entregue
3194,172,2023-09-17,Cancelado
3195,69,2023-02-18,Entregue
3196,66,2023-11-09,Entregue
3197,167,2024-04-23,Entregue
3198,51,2023-03-20,Entregue
3199,40,2023-03-28,Entregue
3200,113,2023-02-01,Enviado
